effective_source,record_type,raw_formid,field,old_english,obcjk_unicode_text,obcjk_utf8_hex,editor_id,occurrence
Oblivion.esm,SKIL,00000045,ANAM,You have unlocked more arcane secrets of Altering the fabric of reality. You can now cast Apprentice level Alteration spells.,"현실의 구조를 변형하는 비전의 비밀을 더 많이 깨우쳤습니다. 이제 변이마법 초급자 단계에 도달했으며, 초급자 등급의 변이마법 주문을 시전할 수 있습니다.",ed9884ec8ba4ec9d9820eab5aceca1b0eba5bc20ebb380ed9895ed9598eb8a9420ebb984eca084ec9d9820ebb984ebb080ec9d8420eb8d9420eba78eec9db420eab9a8ec9ab0ecb3a4ec8ab5eb8b88eb8ba42e20ec9db4eca09c20ebb380ec9db4eba788ebb29520ecb488eab889ec9e9020eb8ba8eab384ec979020eb8f84eb8baced9688ec9cbceba9b02c20ecb488eab889ec9e9020eb93b1eab889ec9d9820ebb380ec9db4eba788ebb29520eca3bcebacb8ec9d8420ec8b9ceca084ed95a020ec889820ec9e88ec8ab5eb8b88eb8ba42e00,SkillAlteration,
Oblivion.esm,SKIL,00000045,JNAM,You have unlocked more arcane secrets of Altering the fabric of reality. You can now cast Journeyman level Alteration spells.,"현실의 구조를 변형하는 비전의 비밀을 더 많이 깨우쳤습니다. 이제 변이마법 숙련자 단계에 도달했으며, 숙련자 등급의 변이마법 주문을 시전할 수 있습니다.",ed9884ec8ba4ec9d9820eab5aceca1b0eba5bc20ebb380ed9895ed9598eb8a9420ebb984eca084ec9d9820ebb984ebb080ec9d8420eb8d9420eba78eec9db420eab9a8ec9ab0ecb3a4ec8ab5eb8b88eb8ba42e20ec9db4eca09c20ebb380ec9db4eba788ebb29520ec8899eba0a8ec9e9020eb8ba8eab384ec979020eb8f84eb8baced9688ec9cbceba9b02c20ec8899eba0a8ec9e9020eb93b1eab889ec9d9820ebb380ec9db4eba788ebb29520eca3bcebacb8ec9d8420ec8b9ceca084ed95a020ec889820ec9e88ec8ab5eb8b88eb8ba42e00,SkillAlteration,
Oblivion.esm,SKIL,00000045,ENAM,You have unlocked more arcane secrets of Altering the fabric of reality. You can now cast Expert level Alteration spells.,"현실의 구조를 변형하는 비전의 비밀을 더 많이 깨우쳤습니다. 이제 변이마법 전문가 단계에 도달했으며, 전문가 등급의 변이마법 주문을 시전할 수 있습니다.",ed9884ec8ba4ec9d9820eab5aceca1b0eba5bc20ebb380ed9895ed9598eb8a9420ebb984eca084ec9d9820ebb984ebb080ec9d8420eb8d9420eba78eec9db420eab9a8ec9ab0ecb3a4ec8ab5eb8b88eb8ba42e20ec9db4eca09c20ebb380ec9db4eba788ebb29520eca084ebacb8eab08020eb8ba8eab384ec979020eb8f84eb8baced9688ec9cbceba9b02c20eca084ebacb8eab08020eb93b1eab889ec9d9820ebb380ec9db4eba788ebb29520eca3bcebacb8ec9d8420ec8b9ceca084ed95a020ec889820ec9e88ec8ab5eb8b88eb8ba42e00,SkillAlteration,
Oblivion.esm,SKIL,00000045,MNAM,You have unlocked more arcane secrets of Altering the fabric of reality. You can now cast Master level Alteration spells.,"현실의 구조를 변형하는 비전의 비밀을 더 많이 깨우쳤습니다. 이제 변이마법 마스터 단계에 도달했으며, 마스터 등급의 변이마법 주문을 시전할 수 있습니다.",ed9884ec8ba4ec9d9820eab5aceca1b0eba5bc20ebb380ed9895ed9598eb8a9420ebb984eca084ec9d9820ebb984ebb080ec9d8420eb8d9420eba78eec9db420eab9a8ec9ab0ecb3a4ec8ab5eb8b88eb8ba42e20ec9db4eca09c20ebb380ec9db4eba788ebb29520eba788ec8aa4ed84b020eb8ba8eab384ec979020eb8f84eb8baced9688ec9cbceba9b02c20eba788ec8aa4ed84b020eb93b1eab889ec9d9820ebb380ec9db4eba788ebb29520eca3bcebacb8ec9d8420ec8b9ceca084ed95a020ec889820ec9e88ec8ab5eb8b88eb8ba42e00,SkillAlteration,
Oblivion.esm,SKIL,00000046,ANAM,Through steady practice you have discovered more creatures to summon from the planes of Oblivion. You are now an Apprentice in Conjuration magic and can cast Apprentice level Conjuration spells.,"꾸준한 수련 끝에 오블리비언 차원에서 더 많은 생물을 소환하는 법을 익혔습니다. 이제 소환마법 초급자 단계에 도달했으며, 초급자 등급의 소환마법 주문을 시전할 수 있습니다.",eabeb8eca480ed959c20ec8898eba0a820eb819dec979020ec98a4ebb894eba6acebb984ec96b820ecb0a8ec9b90ec9790ec849c20eb8d9420eba78eec9d8020ec839debacbcec9d8420ec868ced9998ed9598eb8a9420ebb295ec9d8420ec9db5ed9894ec8ab5eb8b88eb8ba42e20ec9db4eca09c20ec868ced9998eba788ebb29520ecb488eab889ec9e9020eb8ba8eab384ec979020eb8f84eb8baced9688ec9cbceba9b02c20ecb488eab889ec9e9020eb93b1eab889ec9d9820ec868ced9998eba788ebb29520eca3bcebacb8ec9d8420ec8b9ceca084ed95a020ec889820ec9e88ec8ab5eb8b88eb8ba42e00,SkillConjuration,
Oblivion.esm,SKIL,00000046,JNAM,Through steady practice you have discovered more creatures to summon from the planes of Oblivion. You are now a Journeyman in Conjuration magic and can cast Journeyman level Conjuration spells.,"꾸준한 수련 끝에 오블리비언 차원에서 더 많은 생물을 소환하는 법을 익혔습니다. 이제 소환마법 숙련자 단계에 도달했으며, 숙련자 등급의 소환마법 주문을 시전할 수 있습니다.",eabeb8eca480ed959c20ec8898eba0a820eb819dec979020ec98a4ebb894eba6acebb984ec96b820ecb0a8ec9b90ec9790ec849c20eb8d9420eba78eec9d8020ec839debacbcec9d8420ec868ced9998ed9598eb8a9420ebb295ec9d8420ec9db5ed9894ec8ab5eb8b88eb8ba42e20ec9db4eca09c20ec868ced9998eba788ebb29520ec8899eba0a8ec9e9020eb8ba8eab384ec979020eb8f84eb8baced9688ec9cbceba9b02c20ec8899eba0a8ec9e9020eb93b1eab889ec9d9820ec868ced9998eba788ebb29520eca3bcebacb8ec9d8420ec8b9ceca084ed95a020ec889820ec9e88ec8ab5eb8b88eb8ba42e00,SkillConjuration,
Oblivion.esm,SKIL,00000046,ENAM,Through steady practice you have discovered more creatures to summon from the planes of Oblivion. You are now an Expert in Conjuration magic and can cast Expert level Conjuration spells.,"꾸준한 수련 끝에 오블리비언 차원에서 더 많은 생물을 소환하는 법을 익혔습니다. 이제 소환마법 전문가 단계에 도달했으며, 전문가 등급의 소환마법 주문을 시전할 수 있습니다.",eabeb8eca480ed959c20ec8898eba0a820eb819dec979020ec98a4ebb894eba6acebb984ec96b820ecb0a8ec9b90ec9790ec849c20eb8d9420eba78eec9d8020ec839debacbcec9d8420ec868ced9998ed9598eb8a9420ebb295ec9d8420ec9db5ed9894ec8ab5eb8b88eb8ba42e20ec9db4eca09c20ec868ced9998eba788ebb29520eca084ebacb8eab08020eb8ba8eab384ec979020eb8f84eb8baced9688ec9cbceba9b02c20eca084ebacb8eab08020eb93b1eab889ec9d9820ec868ced9998eba788ebb29520eca3bcebacb8ec9d8420ec8b9ceca084ed95a020ec889820ec9e88ec8ab5eb8b88eb8ba42e00,SkillConjuration,
Oblivion.esm,SKIL,00000046,MNAM,Through steady practice you have discovered more creatures to summon from the planes of Oblivion. You are now a Master of Conjuration magic and can cast Master level Conjuration spells.,"꾸준한 수련 끝에 오블리비언 차원에서 더 많은 생물을 소환하는 법을 익혔습니다. 이제 소환마법 마스터 단계에 도달했으며, 마스터 등급의 소환마법 주문을 시전할 수 있습니다.",eabeb8eca480ed959c20ec8898eba0a820eb819dec979020ec98a4ebb894eba6acebb984ec96b820ecb0a8ec9b90ec9790ec849c20eb8d9420eba78eec9d8020ec839debacbcec9d8420ec868ced9998ed9598eb8a9420ebb295ec9d8420ec9db5ed9894ec8ab5eb8b88eb8ba42e20ec9db4eca09c20ec868ced9998eba788ebb29520eba788ec8aa4ed84b020eb8ba8eab384ec979020eb8f84eb8baced9688ec9cbceba9b02c20eba788ec8aa4ed84b020eb93b1eab889ec9d9820ec868ced9998eba788ebb29520eca3bcebacb8ec9d8420ec8b9ceca084ed95a020ec889820ec9e88ec8ab5eb8b88eb8ba42e00,SkillConjuration,
Oblivion.esm,SKIL,00000047,ANAM,"Fire, frost and lightning have flowed from your fingertips. You are now an Apprentice in Destruction magic and can cast Apprentice level Destruction spells.","손끝에서 화염과 냉기, 번개를 끊임없이 다뤄 왔습니다. 이제 파괴마법 초급자 단계에 도달했으며, 초급자 등급의 파괴마법 주문을 시전할 수 있습니다.",ec8690eb819dec9790ec849c20ed9994ec97bceab3bc20eb8389eab8b02c20ebb288eab09ceba5bc20eb818aec9e84ec9786ec9db420eb8ba4eba48420ec9994ec8ab5eb8b88eb8ba42e20ec9db4eca09c20ed8c8ceab4b4eba788ebb29520ecb488eab889ec9e9020eb8ba8eab384ec979020eb8f84eb8baced9688ec9cbceba9b02c20ecb488eab889ec9e9020eb93b1eab889ec9d9820ed8c8ceab4b4eba788ebb29520eca3bcebacb8ec9d8420ec8b9ceca084ed95a020ec889820ec9e88ec8ab5eb8b88eb8ba42e00,SkillDestruction,
Oblivion.esm,SKIL,00000047,JNAM,"Fire, frost and lightning have flowed from your fingertips. You are now a Journeyman in Destruction magic and can cast Journeyman level Destruction spells.","손끝에서 화염과 냉기, 번개를 끊임없이 다뤄 왔습니다. 이제 파괴마법 숙련자 단계에 도달했으며, 숙련자 등급의 파괴마법 주문을 시전할 수 있습니다.",ec8690eb819dec9790ec849c20ed9994ec97bceab3bc20eb8389eab8b02c20ebb288eab09ceba5bc20eb818aec9e84ec9786ec9db420eb8ba4eba48420ec9994ec8ab5eb8b88eb8ba42e20ec9db4eca09c20ed8c8ceab4b4eba788ebb29520ec8899eba0a8ec9e9020eb8ba8eab384ec979020eb8f84eb8baced9688ec9cbceba9b02c20ec8899eba0a8ec9e9020eb93b1eab889ec9d9820ed8c8ceab4b4eba788ebb29520eca3bcebacb8ec9d8420ec8b9ceca084ed95a020ec889820ec9e88ec8ab5eb8b88eb8ba42e00,SkillDestruction,
Oblivion.esm,SKIL,00000047,ENAM,"Fire, frost and lightning have flowed from your fingertips. You are now an Expert in Destruction magic and can cast Expert level Destruction spells.","손끝에서 화염과 냉기, 번개를 끊임없이 다뤄 왔습니다. 이제 파괴마법 전문가 단계에 도달했으며, 전문가 등급의 파괴마법 주문을 시전할 수 있습니다.",ec8690eb819dec9790ec849c20ed9994ec97bceab3bc20eb8389eab8b02c20ebb288eab09ceba5bc20eb818aec9e84ec9786ec9db420eb8ba4eba48420ec9994ec8ab5eb8b88eb8ba42e20ec9db4eca09c20ed8c8ceab4b4eba788ebb29520eca084ebacb8eab08020eb8ba8eab384ec979020eb8f84eb8baced9688ec9cbceba9b02c20eca084ebacb8eab08020eb93b1eab889ec9d9820ed8c8ceab4b4eba788ebb29520eca3bcebacb8ec9d8420ec8b9ceca084ed95a020ec889820ec9e88ec8ab5eb8b88eb8ba42e00,SkillDestruction,
Oblivion.esm,SKIL,00000047,MNAM,"Fire, frost and lightning have flowed from your fingertips. You are now a Master of Destruction magic and can cast Master level Destruction spells.","손끝에서 화염과 냉기, 번개를 끊임없이 다뤄 왔습니다. 이제 파괴마법 마스터 단계에 도달했으며, 마스터 등급의 파괴마법 주문을 시전할 수 있습니다.",ec8690eb819dec9790ec849c20ed9994ec97bceab3bc20eb8389eab8b02c20ebb288eab09ceba5bc20eb818aec9e84ec9786ec9db420eb8ba4eba48420ec9994ec8ab5eb8b88eb8ba42e20ec9db4eca09c20ed8c8ceab4b4eba788ebb29520eba788ec8aa4ed84b020eb8ba8eab384ec979020eb8f84eb8baced9688ec9cbceba9b02c20eba788ec8aa4ed84b020eb93b1eab889ec9d9820ed8c8ceab4b4eba788ebb29520eca3bcebacb8ec9d8420ec8b9ceca084ed95a020ec889820ec9e88ec8ab5eb8b88eb8ba42e00,SkillDestruction,
Oblivion.esm,SKIL,00000048,ANAM,"As a new Apprentice of Illusion, you know what is and isn't real, and how to fool the minds of your opponents. You can now cast Apprentice level Illusion spells.","무엇이 진실이고 환상인지, 또 상대의 정신을 어떻게 속일 수 있는지 깨달았습니다. 이제 환영마법 초급자 단계에 도달했으며, 초급자 등급의 환영마법 주문을 시전할 수 있습니다.",ebacb4ec9787ec9db420eca784ec8ba4ec9db4eab3a020ed9998ec8381ec9db8eca7802c20eb989020ec8381eb8c80ec9d9820eca095ec8ba0ec9d8420ec96b4eb96bbeab28c20ec868dec9dbc20ec889820ec9e88eb8a94eca78020eab9a8eb8bacec9598ec8ab5eb8b88eb8ba42e20ec9db4eca09c20ed9998ec9881eba788ebb29520ecb488eab889ec9e9020eb8ba8eab384ec979020eb8f84eb8baced9688ec9cbceba9b02c20ecb488eab889ec9e9020eb93b1eab889ec9d9820ed9998ec9881eba788ebb29520eca3bcebacb8ec9d8420ec8b9ceca084ed95a020ec889820ec9e88ec8ab5eb8b88eb8ba42e00,SkillIllusion,
Oblivion.esm,SKIL,00000048,JNAM,"As a new Journeyman of Illusion, you know what is and isn't real, and how to fool the minds of your opponents. You can now cast Journeyman level Illusion spells.","무엇이 진실이고 환상인지, 또 상대의 정신을 어떻게 속일 수 있는지 깨달았습니다. 이제 환영마법 숙련자 단계에 도달했으며, 숙련자 등급의 환영마법 주문을 시전할 수 있습니다.",ebacb4ec9787ec9db420eca784ec8ba4ec9db4eab3a020ed9998ec8381ec9db8eca7802c20eb989020ec8381eb8c80ec9d9820eca095ec8ba0ec9d8420ec96b4eb96bbeab28c20ec868dec9dbc20ec889820ec9e88eb8a94eca78020eab9a8eb8bacec9598ec8ab5eb8b88eb8ba42e20ec9db4eca09c20ed9998ec9881eba788ebb29520ec8899eba0a8ec9e9020eb8ba8eab384ec979020eb8f84eb8baced9688ec9cbceba9b02c20ec8899eba0a8ec9e9020eb93b1eab889ec9d9820ed9998ec9881eba788ebb29520eca3bcebacb8ec9d8420ec8b9ceca084ed95a020ec889820ec9e88ec8ab5eb8b88eb8ba42e00,SkillIllusion,
Oblivion.esm,SKIL,00000048,ENAM,"As a new Expert of Illusion, you know what is and isn't real, and how to fool the minds of your opponents. You can now cast Expert level Illusion spells.","무엇이 진실이고 환상인지, 또 상대의 정신을 어떻게 속일 수 있는지 깨달았습니다. 이제 환영마법 전문가 단계에 도달했으며, 전문가 등급의 환영마법 주문을 시전할 수 있습니다.",ebacb4ec9787ec9db420eca784ec8ba4ec9db4eab3a020ed9998ec8381ec9db8eca7802c20eb989020ec8381eb8c80ec9d9820eca095ec8ba0ec9d8420ec96b4eb96bbeab28c20ec868dec9dbc20ec889820ec9e88eb8a94eca78020eab9a8eb8bacec9598ec8ab5eb8b88eb8ba42e20ec9db4eca09c20ed9998ec9881eba788ebb29520eca084ebacb8eab08020eb8ba8eab384ec979020eb8f84eb8baced9688ec9cbceba9b02c20eca084ebacb8eab08020eb93b1eab889ec9d9820ed9998ec9881eba788ebb29520eca3bcebacb8ec9d8420ec8b9ceca084ed95a020ec889820ec9e88ec8ab5eb8b88eb8ba42e00,SkillIllusion,
Oblivion.esm,SKIL,00000048,MNAM,"As a new Master of Illusion, you know what is and isn't real, and how to fool the minds of your opponents. You can now cast Master level Illusion spells.","무엇이 진실이고 환상인지, 또 상대의 정신을 어떻게 속일 수 있는지 깨달았습니다. 이제 환영마법 마스터 단계에 도달했으며, 마스터 등급의 환영마법 주문을 시전할 수 있습니다.",ebacb4ec9787ec9db420eca784ec8ba4ec9db4eab3a020ed9998ec8381ec9db8eca7802c20eb989020ec8381eb8c80ec9d9820eca095ec8ba0ec9d8420ec96b4eb96bbeab28c20ec868dec9dbc20ec889820ec9e88eb8a94eca78020eab9a8eb8bacec9598ec8ab5eb8b88eb8ba42e20ec9db4eca09c20ed9998ec9881eba788ebb29520eba788ec8aa4ed84b020eb8ba8eab384ec979020eb8f84eb8baced9688ec9cbceba9b02c20eba788ec8aa4ed84b020eb93b1eab889ec9d9820ed9998ec9881eba788ebb29520eca3bcebacb8ec9d8420ec8b9ceca084ed95a020ec889820ec9e88ec8ab5eb8b88eb8ba42e00,SkillIllusion,
Oblivion.esm,SKIL,00000049,ANAM,The mysteries of magic are slowly revealing themselves to you. You are now an Apprentice of Mysticism and can cast Apprentice level Mysticism spells.,"마법의 신비가 서서히 모습을 드러내기 시작했습니다. 이제 신비마법 초급자 단계에 도달했으며, 초급자 등급의 신비마법 주문을 시전할 수 있습니다.",eba788ebb295ec9d9820ec8ba0ebb984eab08020ec849cec849ced9e8820ebaaa8ec8ab5ec9d8420eb939ceb9faceb82b4eab8b020ec8b9cec9e91ed9688ec8ab5eb8b88eb8ba42e20ec9db4eca09c20ec8ba0ebb984eba788ebb29520ecb488eab889ec9e9020eb8ba8eab384ec979020eb8f84eb8baced9688ec9cbceba9b02c20ecb488eab889ec9e9020eb93b1eab889ec9d9820ec8ba0ebb984eba788ebb29520eca3bcebacb8ec9d8420ec8b9ceca084ed95a020ec889820ec9e88ec8ab5eb8b88eb8ba42e00,SkillMysticism,
Oblivion.esm,SKIL,00000049,JNAM,The mysteries of magic are slowly revealing themselves to you. You are now a Journeyman of Mysticism and can cast Journeyman level Mysticism spells.,"마법의 신비가 서서히 모습을 드러내기 시작했습니다. 이제 신비마법 숙련자 단계에 도달했으며, 숙련자 등급의 신비마법 주문을 시전할 수 있습니다.",eba788ebb295ec9d9820ec8ba0ebb984eab08020ec849cec849ced9e8820ebaaa8ec8ab5ec9d8420eb939ceb9faceb82b4eab8b020ec8b9cec9e91ed9688ec8ab5eb8b88eb8ba42e20ec9db4eca09c20ec8ba0ebb984eba788ebb29520ec8899eba0a8ec9e9020eb8ba8eab384ec979020eb8f84eb8baced9688ec9cbceba9b02c20ec8899eba0a8ec9e9020eb93b1eab889ec9d9820ec8ba0ebb984eba788ebb29520eca3bcebacb8ec9d8420ec8b9ceca084ed95a020ec889820ec9e88ec8ab5eb8b88eb8ba42e00,SkillMysticism,
Oblivion.esm,SKIL,00000049,ENAM,The mysteries of magic are slowly revealing themselves to you. You are now an Expert of Mysticism and can cast Expert level Mysticism spells.,"마법의 신비가 서서히 모습을 드러내기 시작했습니다. 이제 신비마법 전문가 단계에 도달했으며, 전문가 등급의 신비마법 주문을 시전할 수 있습니다.",eba788ebb295ec9d9820ec8ba0ebb984eab08020ec849cec849ced9e8820ebaaa8ec8ab5ec9d8420eb939ceb9faceb82b4eab8b020ec8b9cec9e91ed9688ec8ab5eb8b88eb8ba42e20ec9db4eca09c20ec8ba0ebb984eba788ebb29520eca084ebacb8eab08020eb8ba8eab384ec979020eb8f84eb8baced9688ec9cbceba9b02c20eca084ebacb8eab08020eb93b1eab889ec9d9820ec8ba0ebb984eba788ebb29520eca3bcebacb8ec9d8420ec8b9ceca084ed95a020ec889820ec9e88ec8ab5eb8b88eb8ba42e00,SkillMysticism,
Oblivion.esm,SKIL,00000049,MNAM,The mysteries of magic are slowly revealing themselves to you. You are now a Master of Mysticism and can cast Master level Mysticism spells.,"마법의 신비가 서서히 모습을 드러내기 시작했습니다. 이제 신비마법 마스터 단계에 도달했으며, 마스터 등급의 신비마법 주문을 시전할 수 있습니다.",eba788ebb295ec9d9820ec8ba0ebb984eab08020ec849cec849ced9e8820ebaaa8ec8ab5ec9d8420eb939ceb9faceb82b4eab8b020ec8b9cec9e91ed9688ec8ab5eb8b88eb8ba42e20ec9db4eca09c20ec8ba0ebb984eba788ebb29520eba788ec8aa4ed84b020eb8ba8eab384ec979020eb8f84eb8baced9688ec9cbceba9b02c20eba788ec8aa4ed84b020eb93b1eab889ec9d9820ec8ba0ebb984eba788ebb29520eca3bcebacb8ec9d8420ec8b9ceca084ed95a020ec889820ec9e88ec8ab5eb8b88eb8ba42e00,SkillMysticism,
Oblivion.esm,SKIL,0000004A,ANAM,The secret energies of the human body have not surrendered their mysteries easily to you. You are now an Apprentice of Restoration and can cast Apprentice level Restoration spells.,"인체에 흐르는 신비한 힘은 쉽게 비밀을 내주지 않았지만, 마침내 더 깊이 이해하게 되었습니다. 이제 회복마법 초급자 단계에 도달했으며, 초급자 등급의 회복마법 주문을 시전할 수 있습니다.",ec9db8ecb2b4ec979020ed9d90eba5b4eb8a9420ec8ba0ebb984ed959c20ed9e98ec9d8020ec89bdeab28c20ebb984ebb080ec9d8420eb82b4eca3bceca78020ec958aec9598eca780eba78c2c20eba788ecb9a8eb82b420eb8d9420eab98aec9db420ec9db4ed95b4ed9598eab28c20eb9098ec9788ec8ab5eb8b88eb8ba42e20ec9db4eca09c20ed9a8cebb3b5eba788ebb29520ecb488eab889ec9e9020eb8ba8eab384ec979020eb8f84eb8baced9688ec9cbceba9b02c20ecb488eab889ec9e9020eb93b1eab889ec9d9820ed9a8cebb3b5eba788ebb29520eca3bcebacb8ec9d8420ec8b9ceca084ed95a020ec889820ec9e88ec8ab5eb8b88eb8ba42e00,SkillRestoration,
Oblivion.esm,SKIL,0000004A,JNAM,The secret energies of the human body have not surrendered their mysteries easily to you. You are now a Journeyman of Restoration and can cast Journeyman level Restoration spells.,"인체에 흐르는 신비한 힘은 쉽게 비밀을 내주지 않았지만, 마침내 더 깊이 이해하게 되었습니다. 이제 회복마법 숙련자 단계에 도달했으며, 숙련자 등급의 회복마법 주문을 시전할 수 있습니다.",ec9db8ecb2b4ec979020ed9d90eba5b4eb8a9420ec8ba0ebb984ed959c20ed9e98ec9d8020ec89bdeab28c20ebb984ebb080ec9d8420eb82b4eca3bceca78020ec958aec9598eca780eba78c2c20eba788ecb9a8eb82b420eb8d9420eab98aec9db420ec9db4ed95b4ed9598eab28c20eb9098ec9788ec8ab5eb8b88eb8ba42e20ec9db4eca09c20ed9a8cebb3b5eba788ebb29520ec8899eba0a8ec9e9020eb8ba8eab384ec979020eb8f84eb8baced9688ec9cbceba9b02c20ec8899eba0a8ec9e9020eb93b1eab889ec9d9820ed9a8cebb3b5eba788ebb29520eca3bcebacb8ec9d8420ec8b9ceca084ed95a020ec889820ec9e88ec8ab5eb8b88eb8ba42e00,SkillRestoration,
Oblivion.esm,SKIL,0000004A,ENAM,The secret energies of the human body have not surrendered their mysteries easily to you. You are now an Expert with Restoration and can cast Expert level Restoration spells.,"인체에 흐르는 신비한 힘은 쉽게 비밀을 내주지 않았지만, 마침내 더 깊이 이해하게 되었습니다. 이제 회복마법 전문가 단계에 도달했으며, 전문가 등급의 회복마법 주문을 시전할 수 있습니다.",ec9db8ecb2b4ec979020ed9d90eba5b4eb8a9420ec8ba0ebb984ed959c20ed9e98ec9d8020ec89bdeab28c20ebb984ebb080ec9d8420eb82b4eca3bceca78020ec958aec9598eca780eba78c2c20eba788ecb9a8eb82b420eb8d9420eab98aec9db420ec9db4ed95b4ed9598eab28c20eb9098ec9788ec8ab5eb8b88eb8ba42e20ec9db4eca09c20ed9a8cebb3b5eba788ebb29520eca084ebacb8eab08020eb8ba8eab384ec979020eb8f84eb8baced9688ec9cbceba9b02c20eca084ebacb8eab08020eb93b1eab889ec9d9820ed9a8cebb3b5eba788ebb29520eca3bcebacb8ec9d8420ec8b9ceca084ed95a020ec889820ec9e88ec8ab5eb8b88eb8ba42e00,SkillRestoration,
Oblivion.esm,SKIL,0000004A,MNAM,The secret energies of the human body have not surrendered their mysteries easily to you. You are now a Master of Restoration and can cast Master level Restoration spells.,"인체에 흐르는 신비한 힘은 쉽게 비밀을 내주지 않았지만, 마침내 더 깊이 이해하게 되었습니다. 이제 회복마법 마스터 단계에 도달했으며, 마스터 등급의 회복마법 주문을 시전할 수 있습니다.",ec9db8ecb2b4ec979020ed9d90eba5b4eb8a9420ec8ba0ebb984ed959c20ed9e98ec9d8020ec89bdeab28c20ebb984ebb080ec9d8420eb82b4eca3bceca78020ec958aec9598eca780eba78c2c20eba788ecb9a8eb82b420eb8d9420eab98aec9db420ec9db4ed95b4ed9598eab28c20eb9098ec9788ec8ab5eb8b88eb8ba42e20ec9db4eca09c20ed9a8cebb3b5eba788ebb29520eba788ec8aa4ed84b020eb8ba8eab384ec979020eb8f84eb8baced9688ec9cbceba9b02c20eba788ec8aa4ed84b020eb93b1eab889ec9d9820ed9a8cebb3b5eba788ebb29520eca3bcebacb8ec9d8420ec8b9ceca084ed95a020ec889820ec9e88ec8ab5eb8b88eb8ba42e00,SkillRestoration,
Oblivion.esm,SKIL,00000044,ANAM,Your stained fingers attest to your diligence in mixing potions and learning their secrets. You are now an Apprentice of Alchemy. All potion ingredients have four potential effects. You can now automatically identify the first two effects.,"수많은 물약을 조제하며 재료의 비밀을 파고든 노력의 흔적이 손가락에 남았습니다. 이제 연금술 초급자 단계에 도달했습니다. 모든 연금술 재료에는 네 가지 잠재 효과가 있으며, 이제 앞의 두 효과를 자동으로 식별할 수 있습니다.",ec8898eba78eec9d8020ebacbcec95bdec9d8420eca1b0eca09ced9598eba9b020ec9eaceba38cec9d9820ebb984ebb080ec9d8420ed8c8ceab3a0eb93a020eb85b8eba0a5ec9d9820ed9d94eca081ec9db420ec8690eab080eb9dbdec979020eb82a8ec9598ec8ab5eb8b88eb8ba42e20ec9db4eca09c20ec97b0eab888ec88a020ecb488eab889ec9e9020eb8ba8eab384ec979020eb8f84eb8baced9688ec8ab5eb8b88eb8ba42e20ebaaa8eb93a020ec97b0eab888ec88a020ec9eaceba38cec9790eb8a9420eb84a420eab080eca78020ec9ea0ec9eac20ed9aa8eab3bceab08020ec9e88ec9cbceba9b02c20ec9db4eca09c20ec959eec9d9820eb919020ed9aa8eab3bceba5bc20ec9e90eb8f99ec9cbceba19c20ec8b9debb384ed95a020ec889820ec9e88ec8ab5eb8b88eb8ba42e00,SkillAlchemy,
Oblivion.esm,SKIL,00000044,JNAM,Your stained fingers attest to your diligence in mixing potions and learning their secrets. You are now a Journeyman of Alchemy. All potion ingredients have four potential effects. You can now automatically identify the first three effects.,"수많은 물약을 조제하며 재료의 비밀을 파고든 노력의 흔적이 손가락에 남았습니다. 이제 연금술 숙련자 단계에 도달했습니다. 모든 연금술 재료에는 네 가지 잠재 효과가 있으며, 이제 앞의 세 효과를 자동으로 식별할 수 있습니다.",ec8898eba78eec9d8020ebacbcec95bdec9d8420eca1b0eca09ced9598eba9b020ec9eaceba38cec9d9820ebb984ebb080ec9d8420ed8c8ceab3a0eb93a020eb85b8eba0a5ec9d9820ed9d94eca081ec9db420ec8690eab080eb9dbdec979020eb82a8ec9598ec8ab5eb8b88eb8ba42e20ec9db4eca09c20ec97b0eab888ec88a020ec8899eba0a8ec9e9020eb8ba8eab384ec979020eb8f84eb8baced9688ec8ab5eb8b88eb8ba42e20ebaaa8eb93a020ec97b0eab888ec88a020ec9eaceba38cec9790eb8a9420eb84a420eab080eca78020ec9ea0ec9eac20ed9aa8eab3bceab08020ec9e88ec9cbceba9b02c20ec9db4eca09c20ec959eec9d9820ec84b820ed9aa8eab3bceba5bc20ec9e90eb8f99ec9cbceba19c20ec8b9debb384ed95a020ec889820ec9e88ec8ab5eb8b88eb8ba42e00,SkillAlchemy,
Oblivion.esm,SKIL,00000044,ENAM,Your stained fingers attest to your diligence in mixing potions and learning their secrets. You are now an Expert of Alchemy. All potion ingredients have four potential effects. You can now automatically identify all the effects.,수많은 물약을 조제하며 재료의 비밀을 파고든 노력의 흔적이 손가락에 남았습니다. 이제 연금술 전문가 단계에 도달했습니다. 모든 연금술 재료의 네 가지 효과를 모두 자동으로 식별할 수 있습니다.,ec8898eba78eec9d8020ebacbcec95bdec9d8420eca1b0eca09ced9598eba9b020ec9eaceba38cec9d9820ebb984ebb080ec9d8420ed8c8ceab3a0eb93a020eb85b8eba0a5ec9d9820ed9d94eca081ec9db420ec8690eab080eb9dbdec979020eb82a8ec9598ec8ab5eb8b88eb8ba42e20ec9db4eca09c20ec97b0eab888ec88a020eca084ebacb8eab08020eb8ba8eab384ec979020eb8f84eb8baced9688ec8ab5eb8b88eb8ba42e20ebaaa8eb93a020ec97b0eab888ec88a020ec9eaceba38cec9d9820eb84a420eab080eca78020ed9aa8eab3bceba5bc20ebaaa8eb919020ec9e90eb8f99ec9cbceba19c20ec8b9debb384ed95a020ec889820ec9e88ec8ab5eb8b88eb8ba42e00,SkillAlchemy,
Oblivion.esm,SKIL,00000044,MNAM,"Your stained fingers attest to your diligence in mixing potions and learning their secrets. You are now a Master of Alchemy. Normally it takes two or more ingredients to make a potion. As a master Alchemist, you can create a potion from a single ingredient.","수많은 물약을 조제하며 재료의 비밀을 파고든 노력의 흔적이 손가락에 남았습니다. 이제 연금술 마스터 단계에 도달했습니다. 보통 물약을 만들려면 두 가지 이상의 재료가 필요하지만, 이제 재료 하나만으로도 물약을 만들 수 있습니다.",ec8898eba78eec9d8020ebacbcec95bdec9d8420eca1b0eca09ced9598eba9b020ec9eaceba38cec9d9820ebb984ebb080ec9d8420ed8c8ceab3a0eb93a020eb85b8eba0a5ec9d9820ed9d94eca081ec9db420ec8690eab080eb9dbdec979020eb82a8ec9598ec8ab5eb8b88eb8ba42e20ec9db4eca09c20ec97b0eab888ec88a020eba788ec8aa4ed84b020eb8ba8eab384ec979020eb8f84eb8baced9688ec8ab5eb8b88eb8ba42e20ebb3b4ed86b520ebacbcec95bdec9d8420eba78ceb93a4eba0a4eba9b420eb919020eab080eca78020ec9db4ec8381ec9d9820ec9eaceba38ceab08020ed9584ec9a94ed9598eca780eba78c2c20ec9db4eca09c20ec9eaceba38c20ed9598eb8298eba78cec9cbceba19ceb8f8420ebacbcec95bdec9d8420eba78ceb93a420ec889820ec9e88ec8ab5eb8b88eb8ba42e00,SkillAlchemy,
Oblivion.esm,SKIL,0000004B,ANAM,"After long, arduous hours of practicing jumping and controlling your falls, you have become an Apprentice of Acrobatics. You can now attack while jumping or falling. However, you cannot use power attacks while in mid-jump or mid-fall, only regular attacks.",오랜 시간 힘들게 점프와 낙법을 연습한 끝에 곡예 초급자 단계에 도달했습니다. 이제 점프하거나 떨어지는 중에도 공격할 수 있습니다. 다만 공중에서는 파워 어택을 사용할 수 없고 일반 공격만 가능합니다.,ec98a4eb9e9c20ec8b9ceab08420ed9e98eb93a4eab28c20eca090ed9484ec998020eb8299ebb295ec9d8420ec97b0ec8ab5ed959c20eb819dec979020eab3a1ec988820ecb488eab889ec9e9020eb8ba8eab384ec979020eb8f84eb8baced9688ec8ab5eb8b88eb8ba42e20ec9db4eca09c20eca090ed9484ed9598eab1b0eb829820eb96a8ec96b4eca780eb8a9420eca491ec9790eb8f8420eab3b5eab2a9ed95a020ec889820ec9e88ec8ab5eb8b88eb8ba42e20eb8ba4eba78c20eab3b5eca491ec9790ec849ceb8a9420ed8c8cec9b8c20ec96b4ed839dec9d8420ec82acec9aa9ed95a020ec889820ec9786eab3a020ec9dbcebb09820eab3b5eab2a9eba78c20eab080eb8aa5ed95a9eb8b88eb8ba42e00,SkillAcrobatics,
Oblivion.esm,SKIL,0000004B,JNAM,"After long, arduous hours of practicing jumping and controlling your falls, you have become a Journeyman of Acrobatics. You now have the Dodge ability. Blocking while jumping makes you dodge in the direction of the jump. You will do a tumbling roll and possibly avoid an attack.",오랜 시간 힘들게 점프와 낙법을 연습한 끝에 곡예 숙련자 단계에 도달했습니다. 이제 회피 능력을 사용할 수 있습니다. 점프 중 방어하면 점프 방향으로 몸을 굴려 공격을 피할 수 있습니다.,ec98a4eb9e9c20ec8b9ceab08420ed9e98eb93a4eab28c20eca090ed9484ec998020eb8299ebb295ec9d8420ec97b0ec8ab5ed959c20eb819dec979020eab3a1ec988820ec8899eba0a8ec9e9020eb8ba8eab384ec979020eb8f84eb8baced9688ec8ab5eb8b88eb8ba42e20ec9db4eca09c20ed9a8ced94bc20eb8aa5eba0a5ec9d8420ec82acec9aa9ed95a020ec889820ec9e88ec8ab5eb8b88eb8ba42e20eca090ed948420eca49120ebb0a9ec96b4ed9598eba9b420eca090ed948420ebb0a9ed96a5ec9cbceba19c20ebaab8ec9d8420eab5b4eba0a420eab3b5eab2a9ec9d8420ed94bced95a020ec889820ec9e88ec8ab5eb8b88eb8ba42e00,SkillAcrobatics,
Oblivion.esm,SKIL,0000004B,ENAM,"After long, arduous hours of practicing jumping and controlling your falls, you have become an Expert of Acrobatics. Now it costs half as much fatigue to jump.",오랜 시간 힘들게 점프와 낙법을 연습한 끝에 곡예 전문가 단계에 도달했습니다. 이제 점프에 소모되는 피로도가 절반으로 줄어듭니다.,ec98a4eb9e9c20ec8b9ceab08420ed9e98eb93a4eab28c20eca090ed9484ec998020eb8299ebb295ec9d8420ec97b0ec8ab5ed959c20eb819dec979020eab3a1ec988820eca084ebacb8eab08020eb8ba8eab384ec979020eb8f84eb8baced9688ec8ab5eb8b88eb8ba42e20ec9db4eca09c20eca090ed9484ec979020ec868cebaaa8eb9098eb8a9420ed94bceba19ceb8f84eab08020eca088ebb098ec9cbceba19c20eca484ec96b4eb93adeb8b88eb8ba42e00,SkillAcrobatics,
Oblivion.esm,SKIL,0000004B,MNAM,"You have become a Master of Acrobatics. You gain the Water Jump ability. Jump just as you touch the water, and you can jump again as if it were a solid surface. Miss your timing... and fall into the water. With practice, you can jump several times in a row all the way across a body of water.",곡예 마스터 단계에 도달했습니다. 이제 수면 도약 능력을 사용할 수 있습니다. 물에 닿는 순간 다시 점프하면 단단한 지면을 밟은 것처럼 뛰어오를 수 있습니다. 타이밍을 놓치면 물에 빠집니다. 익숙해지면 물 위를 연속으로 뛰어 건널 수도 있습니다.,eab3a1ec988820eba788ec8aa4ed84b020eb8ba8eab384ec979020eb8f84eb8baced9688ec8ab5eb8b88eb8ba42e20ec9db4eca09c20ec8898eba9b420eb8f84ec95bd20eb8aa5eba0a5ec9d8420ec82acec9aa9ed95a020ec889820ec9e88ec8ab5eb8b88eb8ba42e20ebacbcec979020eb8bbfeb8a9420ec889ceab08420eb8ba4ec8b9c20eca090ed9484ed9598eba9b420eb8ba8eb8ba8ed959c20eca780eba9b4ec9d8420ebb09fec9d8020eab283ecb298eb9fbc20eb9bb0ec96b4ec98a4eba5bc20ec889820ec9e88ec8ab5eb8b88eb8ba42e20ed8380ec9db4ebb08dec9d8420eb8693ecb998eba9b420ebacbcec979020ebb9a0eca791eb8b88eb8ba42e20ec9db5ec8899ed95b4eca780eba9b420ebacbc20ec9c84eba5bc20ec97b0ec868dec9cbceba19c20eb9bb0ec96b420eab1b4eb849020ec8898eb8f8420ec9e88ec8ab5eb8b88eb8ba42e00,SkillAcrobatics,
Oblivion.esm,SKIL,0000003D,ANAM,Long days and nights at the forge make you strong and tough. You are now an Apprentice Armorer. Your repair hammers now last twice as long. You cannot repair magical items yet.,대장간에서 보낸 긴 낮과 밤이 몸을 단련시켰습니다. 이제 제련술 초급자 단계에 도달했습니다. 수리 망치의 내구도가 두 배로 늘어납니다. 아직 마법 아이템은 수리할 수 없습니다.,eb8c80ec9ea5eab084ec9790ec849c20ebb3b4eb82b820eab8b420eb82aeeab3bc20ebb0a4ec9db420ebaab8ec9d8420eb8ba8eba0a8ec8b9cecbcb0ec8ab5eb8b88eb8ba42e20ec9db4eca09c20eca09ceba0a8ec88a020ecb488eab889ec9e9020eb8ba8eab384ec979020eb8f84eb8baced9688ec8ab5eb8b88eb8ba42e20ec8898eba6ac20eba79decb998ec9d9820eb82b4eab5aceb8f84eab08020eb919020ebb0b0eba19c20eb8a98ec96b4eb82a9eb8b88eb8ba42e20ec9584eca78120eba788ebb29520ec9584ec9db4ed859cec9d8020ec8898eba6aced95a020ec889820ec9786ec8ab5eb8b88eb8ba42e00,SkillArmorer,
Oblivion.esm,SKIL,0000003D,JNAM,"Long days and nights at the forge make you strong and tough. You are now a Journeyman Armorer. Using repair hammers, you can now fully repair magic weapons and armor.",대장간에서 보낸 긴 낮과 밤이 몸을 단련시켰습니다. 이제 제련술 숙련자 단계에 도달했습니다. 수리 망치로 마법 무기와 방어구를 완전히 수리할 수 있습니다.,eb8c80ec9ea5eab084ec9790ec849c20ebb3b4eb82b820eab8b420eb82aeeab3bc20ebb0a4ec9db420ebaab8ec9d8420eb8ba8eba0a8ec8b9cecbcb0ec8ab5eb8b88eb8ba42e20ec9db4eca09c20eca09ceba0a8ec88a020ec8899eba0a8ec9e9020eb8ba8eab384ec979020eb8f84eb8baced9688ec8ab5eb8b88eb8ba42e20ec8898eba6ac20eba79decb998eba19c20eba788ebb29520ebacb4eab8b0ec998020ebb0a9ec96b4eab5aceba5bc20ec9984eca084ed9e8820ec8898eba6aced95a020ec889820ec9e88ec8ab5eb8b88eb8ba42e00,SkillArmorer,
Oblivion.esm,SKIL,0000003D,ENAM,"Long days and nights at the forge make you strong and tough. You are now an Expert Armorer. Using repair hammers, you can repair items up to 125% of their normal health. Weapons with health above 100% do extra damage. Armor with health above 100% provides extra protection.","대장간에서 보낸 긴 낮과 밤이 몸을 단련시켰습니다. 이제 제련술 전문가 단계에 도달했습니다. 수리 망치로 아이템 상태를 최대 125%까지 수리할 수 있습니다. 상태가 100%를 넘는 무기는 추가 피해를 주며, 방어구는 추가 방어력을 제공합니다.",eb8c80ec9ea5eab084ec9790ec849c20ebb3b4eb82b820eab8b420eb82aeeab3bc20ebb0a4ec9db420ebaab8ec9d8420eb8ba8eba0a8ec8b9cecbcb0ec8ab5eb8b88eb8ba42e20ec9db4eca09c20eca09ceba0a8ec88a020eca084ebacb8eab08020eb8ba8eab384ec979020eb8f84eb8baced9688ec8ab5eb8b88eb8ba42e20ec8898eba6ac20eba79decb998eba19c20ec9584ec9db4ed859c20ec8381ed839ceba5bc20ecb59ceb8c802031323525eab98ceca78020ec8898eba6aced95a020ec889820ec9e88ec8ab5eb8b88eb8ba42e20ec8381ed839ceab0802031303025eba5bc20eb8498eb8a9420ebacb4eab8b0eb8a9420ecb694eab08020ed94bced95b4eba5bc20eca3bceba9b02c20ebb0a9ec96b4eab5aceb8a9420ecb694eab08020ebb0a9ec96b4eba0a5ec9d8420eca09ceab3b5ed95a9eb8b88eb8ba42e00,SkillArmorer,
Oblivion.esm,SKIL,0000003D,MNAM,Long days and nights at the forge make you strong and tough. You are now a Master Armorer. A Master Armorer does not wear out repair hammers while repairing weapons and armor. One repair hammer lasts you a lifetime.,대장간에서 보낸 긴 낮과 밤이 몸을 단련시켰습니다. 이제 제련술 마스터 단계에 도달했습니다. 무기와 방어구를 수리해도 수리 망치가 닳지 않습니다. 수리 망치 하나면 평생 사용할 수 있습니다.,eb8c80ec9ea5eab084ec9790ec849c20ebb3b4eb82b820eab8b420eb82aeeab3bc20ebb0a4ec9db420ebaab8ec9d8420eb8ba8eba0a8ec8b9cecbcb0ec8ab5eb8b88eb8ba42e20ec9db4eca09c20eca09ceba0a8ec88a020eba788ec8aa4ed84b020eb8ba8eab384ec979020eb8f84eb8baced9688ec8ab5eb8b88eb8ba42e20ebacb4eab8b0ec998020ebb0a9ec96b4eab5aceba5bc20ec8898eba6aced95b4eb8f8420ec8898eba6ac20eba79decb998eab08020eb8bb3eca78020ec958aec8ab5eb8b88eb8ba42e20ec8898eba6ac20eba79decb99820ed9598eb8298eba9b420ed8f89ec839d20ec82acec9aa9ed95a020ec889820ec9e88ec8ab5eb8b88eb8ba42e00,SkillArmorer,
Oblivion.esm,SKIL,0000003E,ANAM,'Why walk when you can run' has always been your motto. Now the miles of running and hours of swimming have paid off. You are an Apprentice of Athletics. Your rate of fatigue regeneration when running is increased by 25%.,“걸을 수 있는데 왜 뛰겠는가”는 늘 당신의 좌우명이었습니다. 수많은 거리를 달리고 오랜 시간을 헤엄친 노력이 결실을 맺었습니다. 이제 운동능력 초급자 단계에 도달했습니다. 달리는 동안 피로도 회복 속도가 25% 증가합니다.,e2809ceab1b8ec9d8420ec889820ec9e88eb8a94eb8db020ec999c20eb9bb0eab2a0eb8a94eab080e2809deb8a9420eb8a9820eb8bb9ec8ba0ec9d9820eca28cec9ab0ebaa85ec9db4ec9788ec8ab5eb8b88eb8ba42e20ec8898eba78eec9d8020eab1b0eba6aceba5bc20eb8baceba6aceab3a020ec98a4eb9e9c20ec8b9ceab084ec9d8420ed97a4ec9784ecb99c20eb85b8eba0a5ec9db420eab2b0ec8ba4ec9d8420eba7baec9788ec8ab5eb8b88eb8ba42e20ec9db4eca09c20ec9ab4eb8f99eb8aa5eba0a520ecb488eab889ec9e9020eb8ba8eab384ec979020eb8f84eb8baced9688ec8ab5eb8b88eb8ba42e20eb8baceba6aceb8a9420eb8f99ec958820ed94bceba19ceb8f8420ed9a8cebb3b520ec868deb8f84eab0802032352520eca69deab080ed95a9eb8b88eb8ba42e00,SkillAthletics,
Oblivion.esm,SKIL,0000003E,JNAM,'Why walk when you can run' has always been your motto. Now the miles of running and hours of swimming have paid off. You are a Journeyman of Athletics. Your rate of fatigue regeneration when running is increased by 50%.,“걸을 수 있는데 왜 뛰겠는가”는 늘 당신의 좌우명이었습니다. 수많은 거리를 달리고 오랜 시간을 헤엄친 노력이 결실을 맺었습니다. 이제 운동능력 숙련자 단계에 도달했습니다. 달리는 동안 피로도 회복 속도가 50% 증가합니다.,e2809ceab1b8ec9d8420ec889820ec9e88eb8a94eb8db020ec999c20eb9bb0eab2a0eb8a94eab080e2809deb8a9420eb8a9820eb8bb9ec8ba0ec9d9820eca28cec9ab0ebaa85ec9db4ec9788ec8ab5eb8b88eb8ba42e20ec8898eba78eec9d8020eab1b0eba6aceba5bc20eb8baceba6aceab3a020ec98a4eb9e9c20ec8b9ceab084ec9d8420ed97a4ec9784ecb99c20eb85b8eba0a5ec9db420eab2b0ec8ba4ec9d8420eba7baec9788ec8ab5eb8b88eb8ba42e20ec9db4eca09c20ec9ab4eb8f99eb8aa5eba0a520ec8899eba0a8ec9e9020eb8ba8eab384ec979020eb8f84eb8baced9688ec8ab5eb8b88eb8ba42e20eb8baceba6aceb8a9420eb8f99ec958820ed94bceba19ceb8f8420ed9a8cebb3b520ec868deb8f84eab0802035302520eca69deab080ed95a9eb8b88eb8ba42e00,SkillAthletics,
Oblivion.esm,SKIL,0000003E,ENAM,'Why walk when you can run' has always been your motto. Now the miles of running and hours of swimming have paid off. You are an Expert of Athletics. Your rate of fatigue regeneration when running is increased by 75%.,“걸을 수 있는데 왜 뛰겠는가”는 늘 당신의 좌우명이었습니다. 수많은 거리를 달리고 오랜 시간을 헤엄친 노력이 결실을 맺었습니다. 이제 운동능력 전문가 단계에 도달했습니다. 달리는 동안 피로도 회복 속도가 75% 증가합니다.,e2809ceab1b8ec9d8420ec889820ec9e88eb8a94eb8db020ec999c20eb9bb0eab2a0eb8a94eab080e2809deb8a9420eb8a9820eb8bb9ec8ba0ec9d9820eca28cec9ab0ebaa85ec9db4ec9788ec8ab5eb8b88eb8ba42e20ec8898eba78eec9d8020eab1b0eba6aceba5bc20eb8baceba6aceab3a020ec98a4eb9e9c20ec8b9ceab084ec9d8420ed97a4ec9784ecb99c20eb85b8eba0a5ec9db420eab2b0ec8ba4ec9d8420eba7baec9788ec8ab5eb8b88eb8ba42e20ec9db4eca09c20ec9ab4eb8f99eb8aa5eba0a520eca084ebacb8eab08020eb8ba8eab384ec979020eb8f84eb8baced9688ec8ab5eb8b88eb8ba42e20eb8baceba6aceb8a9420eb8f99ec958820ed94bceba19ceb8f8420ed9a8cebb3b520ec868deb8f84eab0802037352520eca69deab080ed95a9eb8b88eb8ba42e00,SkillAthletics,
Oblivion.esm,SKIL,0000003E,MNAM,'Why walk when you can run' has always been your motto. Now the miles of running and hours of swimming have paid off. You are a Master of Athletics. Running never reduces your rate of fatigue regeneration.,“걸을 수 있는데 왜 뛰겠는가”는 늘 당신의 좌우명이었습니다. 수많은 거리를 달리고 오랜 시간을 헤엄친 노력이 결실을 맺었습니다. 이제 운동능력 마스터 단계에 도달했습니다. 달리는 중에도 피로도 회복 속도가 전혀 감소하지 않습니다.,e2809ceab1b8ec9d8420ec889820ec9e88eb8a94eb8db020ec999c20eb9bb0eab2a0eb8a94eab080e2809deb8a9420eb8a9820eb8bb9ec8ba0ec9d9820eca28cec9ab0ebaa85ec9db4ec9788ec8ab5eb8b88eb8ba42e20ec8898eba78eec9d8020eab1b0eba6aceba5bc20eb8baceba6aceab3a020ec98a4eb9e9c20ec8b9ceab084ec9d8420ed97a4ec9784ecb99c20eb85b8eba0a5ec9db420eab2b0ec8ba4ec9d8420eba7baec9788ec8ab5eb8b88eb8ba42e20ec9db4eca09c20ec9ab4eb8f99eb8aa5eba0a520eba788ec8aa4ed84b020eb8ba8eab384ec979020eb8f84eb8baced9688ec8ab5eb8b88eb8ba42e20eb8baceba6aceb8a9420eca491ec9790eb8f8420ed94bceba19ceb8f8420ed9a8cebb3b520ec868deb8f84eab08020eca084ed988020eab090ec868ced9598eca78020ec958aec8ab5eb8b88eb8ba42e00,SkillAthletics,
Oblivion.esm,SKIL,0000003F,ANAM,"The cuts and nicks from long practice sessions with all manner of blades has its benefits. You are now an Apprentice with Blade weapons. You have a new Standing power attack, which does extra damage. Press and hold Attack to use this power attack. ",수많은 칼날을 다루며 입은 베인 상처와 흠집도 헛된 것은 아니었습니다. 이제 검술 초급자 단계에 도달했습니다. 추가 피해를 주는 제자리 파워 어택을 사용할 수 있습니다. 공격 버튼을 길게 눌러 사용합니다.,ec8898eba78eec9d8020ecb9bceb82a0ec9d8420eb8ba4eba3a8eba9b020ec9e85ec9d8020ebb2a0ec9db820ec8381ecb298ec998020ed9da0eca791eb8f8420ed979beb909c20eab283ec9d8020ec9584eb8b88ec9788ec8ab5eb8b88eb8ba42e20ec9db4eca09c20eab280ec88a020ecb488eab889ec9e9020eb8ba8eab384ec979020eb8f84eb8baced9688ec8ab5eb8b88eb8ba42e20ecb694eab08020ed94bced95b4eba5bc20eca3bceb8a9420eca09cec9e90eba6ac20ed8c8cec9b8c20ec96b4ed839dec9d8420ec82acec9aa9ed95a020ec889820ec9e88ec8ab5eb8b88eb8ba42e20eab3b5eab2a920ebb284ed8abcec9d8420eab8b8eab28c20eb888ceb9fac20ec82acec9aa9ed95a9eb8b88eb8ba42e00,SkillBlade,
Oblivion.esm,SKIL,0000003F,JNAM,The cuts and nicks from long practice sessions with all manner of blades has its benefits. You are now a Journeyman with Blade weapons. Your Sidestep power attack now has a chance to disarm your opponent. Press and hold Attack while moving left or right to use this power attack. ,수많은 칼날을 다루며 입은 베인 상처와 흠집도 헛된 것은 아니었습니다. 이제 검술 숙련자 단계에 도달했습니다. 좌우 이동 파워 어택에 상대의 무장을 해제할 확률이 생깁니다. 왼쪽이나 오른쪽으로 이동하면서 공격 버튼을 길게 눌러 사용합니다.,ec8898eba78eec9d8020ecb9bceb82a0ec9d8420eb8ba4eba3a8eba9b020ec9e85ec9d8020ebb2a0ec9db820ec8381ecb298ec998020ed9da0eca791eb8f8420ed979beb909c20eab283ec9d8020ec9584eb8b88ec9788ec8ab5eb8b88eb8ba42e20ec9db4eca09c20eab280ec88a020ec8899eba0a8ec9e9020eb8ba8eab384ec979020eb8f84eb8baced9688ec8ab5eb8b88eb8ba42e20eca28cec9ab020ec9db4eb8f9920ed8c8cec9b8c20ec96b4ed839dec979020ec8381eb8c80ec9d9820ebacb4ec9ea5ec9d8420ed95b4eca09ced95a020ed9995eba5a0ec9db420ec839deab981eb8b88eb8ba42e20ec99bcecaabdec9db4eb829820ec98a4eba5b8ecaabdec9cbceba19c20ec9db4eb8f99ed9598eba9b4ec849c20eab3b5eab2a920ebb284ed8abcec9d8420eab8b8eab28c20eb888ceb9fac20ec82acec9aa9ed95a9eb8b88eb8ba42e00,SkillBlade,
Oblivion.esm,SKIL,0000003F,ENAM,The cuts and nicks from long practice sessions with all manner of blades has its benefits. You are now an Expert with Blade weapons. Your Sweeping power attack now has a chance to knock down your opponent. Press and hold Attack while moving backward to use this power attack. ,수많은 칼날을 다루며 입은 베인 상처와 흠집도 헛된 것은 아니었습니다. 이제 검술 전문가 단계에 도달했습니다. 후퇴 파워 어택에 상대를 넘어뜨릴 확률이 생깁니다. 뒤로 이동하면서 공격 버튼을 길게 눌러 사용합니다.,ec8898eba78eec9d8020ecb9bceb82a0ec9d8420eb8ba4eba3a8eba9b020ec9e85ec9d8020ebb2a0ec9db820ec8381ecb298ec998020ed9da0eca791eb8f8420ed979beb909c20eab283ec9d8020ec9584eb8b88ec9788ec8ab5eb8b88eb8ba42e20ec9db4eca09c20eab280ec88a020eca084ebacb8eab08020eb8ba8eab384ec979020eb8f84eb8baced9688ec8ab5eb8b88eb8ba42e20ed9b84ed87b420ed8c8cec9b8c20ec96b4ed839dec979020ec8381eb8c80eba5bc20eb8498ec96b4eb9ca8eba6b420ed9995eba5a0ec9db420ec839deab981eb8b88eb8ba42e20eb92a4eba19c20ec9db4eb8f99ed9598eba9b4ec849c20eab3b5eab2a920ebb284ed8abcec9d8420eab8b8eab28c20eb888ceb9fac20ec82acec9aa9ed95a9eb8b88eb8ba42e00,SkillBlade,
Oblivion.esm,SKIL,0000003F,MNAM,The cuts and nicks from long practice sessions with all manner of blades has its benefits. You are now a Master with Blade weapons. Your Rushing power attack now has a chance to paralyze your opponent. Press and hold Attack while moving forward to use this power attack. ,수많은 칼날을 다루며 입은 베인 상처와 흠집도 헛된 것은 아니었습니다. 이제 검술 마스터 단계에 도달했습니다. 돌진 파워 어택에 상대를 마비시킬 확률이 생깁니다. 앞으로 이동하면서 공격 버튼을 길게 눌러 사용합니다.,ec8898eba78eec9d8020ecb9bceb82a0ec9d8420eb8ba4eba3a8eba9b020ec9e85ec9d8020ebb2a0ec9db820ec8381ecb298ec998020ed9da0eca791eb8f8420ed979beb909c20eab283ec9d8020ec9584eb8b88ec9788ec8ab5eb8b88eb8ba42e20ec9db4eca09c20eab280ec88a020eba788ec8aa4ed84b020eb8ba8eab384ec979020eb8f84eb8baced9688ec8ab5eb8b88eb8ba42e20eb8f8ceca78420ed8c8cec9b8c20ec96b4ed839dec979020ec8381eb8c80eba5bc20eba788ebb984ec8b9ced82ac20ed9995eba5a0ec9db420ec839deab981eb8b88eb8ba42e20ec959eec9cbceba19c20ec9db4eb8f99ed9598eba9b4ec849c20eab3b5eab2a920ebb284ed8abcec9d8420eab8b8eab28c20eb888ceb9fac20ec82acec9aa9ed95a9eb8b88eb8ba42e00,SkillBlade,
Oblivion.esm,SKIL,00000041,ANAM,"You have lumps and bruises from long practice sessions with all kinds of maces and axes. You are now an Apprentice with Blunt weapons. You now have the Standing power attack, which does extra damage. Press and hold the attack button to use this power attack. ",수많은 철퇴와 도끼를 다루며 생긴 혹과 멍도 헛된 것은 아니었습니다. 이제 둔기 초급자 단계에 도달했습니다. 추가 피해를 주는 제자리 파워 어택을 사용할 수 있습니다. 공격 버튼을 길게 눌러 사용합니다.,ec8898eba78eec9d8020ecb2a0ed87b4ec998020eb8f84eb81bceba5bc20eb8ba4eba3a8eba9b020ec839deab8b420ed98b9eab3bc20eba98deb8f8420ed979beb909c20eab283ec9d8020ec9584eb8b88ec9788ec8ab5eb8b88eb8ba42e20ec9db4eca09c20eb9194eab8b020ecb488eab889ec9e9020eb8ba8eab384ec979020eb8f84eb8baced9688ec8ab5eb8b88eb8ba42e20ecb694eab08020ed94bced95b4eba5bc20eca3bceb8a9420eca09cec9e90eba6ac20ed8c8cec9b8c20ec96b4ed839dec9d8420ec82acec9aa9ed95a020ec889820ec9e88ec8ab5eb8b88eb8ba42e20eab3b5eab2a920ebb284ed8abcec9d8420eab8b8eab28c20eb888ceb9fac20ec82acec9aa9ed95a9eb8b88eb8ba42e00,SkillBlunt,
Oblivion.esm,SKIL,00000041,JNAM,You have lumps and bruises from long practice sessions with all kinds of maces and axes. You are now a Journeyman with Blunt weapons. Your Sidestep power attack now has a chance to disarm your opponent. Press and hold Attack while moving left or right to use this power attack. ,수많은 철퇴와 도끼를 다루며 생긴 혹과 멍도 헛된 것은 아니었습니다. 이제 둔기 숙련자 단계에 도달했습니다. 좌우 이동 파워 어택에 상대의 무장을 해제할 확률이 생깁니다. 왼쪽이나 오른쪽으로 이동하면서 공격 버튼을 길게 눌러 사용합니다.,ec8898eba78eec9d8020ecb2a0ed87b4ec998020eb8f84eb81bceba5bc20eb8ba4eba3a8eba9b020ec839deab8b420ed98b9eab3bc20eba98deb8f8420ed979beb909c20eab283ec9d8020ec9584eb8b88ec9788ec8ab5eb8b88eb8ba42e20ec9db4eca09c20eb9194eab8b020ec8899eba0a8ec9e9020eb8ba8eab384ec979020eb8f84eb8baced9688ec8ab5eb8b88eb8ba42e20eca28cec9ab020ec9db4eb8f9920ed8c8cec9b8c20ec96b4ed839dec979020ec8381eb8c80ec9d9820ebacb4ec9ea5ec9d8420ed95b4eca09ced95a020ed9995eba5a0ec9db420ec839deab981eb8b88eb8ba42e20ec99bcecaabdec9db4eb829820ec98a4eba5b8ecaabdec9cbceba19c20ec9db4eb8f99ed9598eba9b4ec849c20eab3b5eab2a920ebb284ed8abcec9d8420eab8b8eab28c20eb888ceb9fac20ec82acec9aa9ed95a9eb8b88eb8ba42e00,SkillBlunt,
Oblivion.esm,SKIL,00000041,ENAM,You have lumps and bruises from long practice sessions with all kinds of maces and axes. You are now an Expert with Blunt weapons. Your Sweeping power attack now has a chance to knock down your opponent. Press and hold Attack while moving backward to use this power attack.,수많은 철퇴와 도끼를 다루며 생긴 혹과 멍도 헛된 것은 아니었습니다. 이제 둔기 전문가 단계에 도달했습니다. 후퇴 파워 어택에 상대를 넘어뜨릴 확률이 생깁니다. 뒤로 이동하면서 공격 버튼을 길게 눌러 사용합니다.,ec8898eba78eec9d8020ecb2a0ed87b4ec998020eb8f84eb81bceba5bc20eb8ba4eba3a8eba9b020ec839deab8b420ed98b9eab3bc20eba98deb8f8420ed979beb909c20eab283ec9d8020ec9584eb8b88ec9788ec8ab5eb8b88eb8ba42e20ec9db4eca09c20eb9194eab8b020eca084ebacb8eab08020eb8ba8eab384ec979020eb8f84eb8baced9688ec8ab5eb8b88eb8ba42e20ed9b84ed87b420ed8c8cec9b8c20ec96b4ed839dec979020ec8381eb8c80eba5bc20eb8498ec96b4eb9ca8eba6b420ed9995eba5a0ec9db420ec839deab981eb8b88eb8ba42e20eb92a4eba19c20ec9db4eb8f99ed9598eba9b4ec849c20eab3b5eab2a920ebb284ed8abcec9d8420eab8b8eab28c20eb888ceb9fac20ec82acec9aa9ed95a9eb8b88eb8ba42e00,SkillBlunt,
Oblivion.esm,SKIL,00000041,MNAM,You have lumps and bruises from long practice sessions with all kinds of maces and axes. You are now a Master with Blunt weapons. Your Rushing power attack now has a chance to paralyze your opponent. Press and hold Attack while moving forward to use this power attack.,수많은 철퇴와 도끼를 다루며 생긴 혹과 멍도 헛된 것은 아니었습니다. 이제 둔기 마스터 단계에 도달했습니다. 돌진 파워 어택에 상대를 마비시킬 확률이 생깁니다. 앞으로 이동하면서 공격 버튼을 길게 눌러 사용합니다.,ec8898eba78eec9d8020ecb2a0ed87b4ec998020eb8f84eb81bceba5bc20eb8ba4eba3a8eba9b020ec839deab8b420ed98b9eab3bc20eba98deb8f8420ed979beb909c20eab283ec9d8020ec9584eb8b88ec9788ec8ab5eb8b88eb8ba42e20ec9db4eca09c20eb9194eab8b020eba788ec8aa4ed84b020eb8ba8eab384ec979020eb8f84eb8baced9688ec8ab5eb8b88eb8ba42e20eb8f8ceca78420ed8c8cec9b8c20ec96b4ed839dec979020ec8381eb8c80eba5bc20eba788ebb984ec8b9ced82ac20ed9995eba5a0ec9db420ec839deab981eb8b88eb8ba42e20ec959eec9cbceba19c20ec9db4eb8f99ed9598eba9b4ec849c20eab3b5eab2a920ebb284ed8abcec9d8420eab8b8eab28c20eb888ceb9fac20ec82acec9aa9ed95a9eb8b88eb8ba42e00,SkillBlunt,
Oblivion.esm,SKIL,00000040,ANAM,The truly skillful fighter learns to block with shield and weapon. Diligent practice has made you an Apprentice at Blocking. Blocking with your shield or weapon no longer drains fatigue.,숙련된 전사는 방패와 무기로 공격을 막는 법을 배웁니다. 꾸준한 수련으로 방어 초급자 단계에 도달했습니다. 이제 방패나 무기로 공격을 막아도 피로도가 소모되지 않습니다.,ec8899eba0a8eb909c20eca084ec82aceb8a9420ebb0a9ed8ca8ec998020ebacb4eab8b0eba19c20eab3b5eab2a9ec9d8420eba789eb8a9420ebb295ec9d8420ebb0b0ec9b81eb8b88eb8ba42e20eabeb8eca480ed959c20ec8898eba0a8ec9cbceba19c20ebb0a9ec96b420ecb488eab889ec9e9020eb8ba8eab384ec979020eb8f84eb8baced9688ec8ab5eb8b88eb8ba42e20ec9db4eca09c20ebb0a9ed8ca8eb829820ebacb4eab8b0eba19c20eab3b5eab2a9ec9d8420eba789ec9584eb8f8420ed94bceba19ceb8f84eab08020ec868cebaaa8eb9098eca78020ec958aec8ab5eb8b88eb8ba42e00,SkillBlock,
Oblivion.esm,SKIL,00000040,JNAM,"The truly skillful fighter learns to block with shield and weapon. Diligent practice has made you a Journeyman at Blocking. Blocking no longer damages your weapon or shield. Blocking with your bare hands will cause opponents to recoil a bit, although you take full damage from the attack.",숙련된 전사는 방패와 무기로 공격을 막는 법을 배웁니다. 꾸준한 수련으로 방어 숙련자 단계에 도달했습니다. 이제 방어해도 무기나 방패가 손상되지 않습니다. 맨손으로 막으면 피해는 그대로 받지만 상대를 약간 비틀거리게 할 수 있습니다.,ec8899eba0a8eb909c20eca084ec82aceb8a9420ebb0a9ed8ca8ec998020ebacb4eab8b0eba19c20eab3b5eab2a9ec9d8420eba789eb8a9420ebb295ec9d8420ebb0b0ec9b81eb8b88eb8ba42e20eabeb8eca480ed959c20ec8898eba0a8ec9cbceba19c20ebb0a9ec96b420ec8899eba0a8ec9e9020eb8ba8eab384ec979020eb8f84eb8baced9688ec8ab5eb8b88eb8ba42e20ec9db4eca09c20ebb0a9ec96b4ed95b4eb8f8420ebacb4eab8b0eb829820ebb0a9ed8ca8eab08020ec8690ec8381eb9098eca78020ec958aec8ab5eb8b88eb8ba42e20eba7a8ec8690ec9cbceba19c20eba789ec9cbceba9b420ed94bced95b4eb8a9420eab7b8eb8c80eba19c20ebb09beca780eba78c20ec8381eb8c80eba5bc20ec95bdeab08420ebb984ed8b80eab1b0eba6aceab28c20ed95a020ec889820ec9e88ec8ab5eb8b88eb8ba42e00,SkillBlock,
Oblivion.esm,SKIL,00000040,ENAM,The truly skillful fighter learns to block with shield and weapon. Diligent practice has made you an Expert at Blocking. Blocking with a shield can now be used like an attack to knock back and stagger your opponent.,숙련된 전사는 방패와 무기로 공격을 막는 법을 배웁니다. 꾸준한 수련으로 방어 전문가 단계에 도달했습니다. 이제 방패로 막을 때 상대를 밀쳐내고 비틀거리게 할 수 있습니다.,ec8899eba0a8eb909c20eca084ec82aceb8a9420ebb0a9ed8ca8ec998020ebacb4eab8b0eba19c20eab3b5eab2a9ec9d8420eba789eb8a9420ebb295ec9d8420ebb0b0ec9b81eb8b88eb8ba42e20eabeb8eca480ed959c20ec8898eba0a8ec9cbceba19c20ebb0a9ec96b420eca084ebacb8eab08020eb8ba8eab384ec979020eb8f84eb8baced9688ec8ab5eb8b88eb8ba42e20ec9db4eca09c20ebb0a9ed8ca8eba19c20eba789ec9d8420eb958c20ec8381eb8c80eba5bc20ebb080ecb390eb82b4eab3a020ebb984ed8b80eab1b0eba6aceab28c20ed95a020ec889820ec9e88ec8ab5eb8b88eb8ba42e00,SkillBlock,
Oblivion.esm,SKIL,00000040,MNAM,The truly skillful fighter learns to block with shield and weapon. Diligent practice has made you a Master of Blocking. Blocking with a shield now has a chance to disarm your opponent.,숙련된 전사는 방패와 무기로 공격을 막는 법을 배웁니다. 꾸준한 수련으로 방어 마스터 단계에 도달했습니다. 이제 방패로 막을 때 상대의 무장을 해제할 확률이 생깁니다.,ec8899eba0a8eb909c20eca084ec82aceb8a9420ebb0a9ed8ca8ec998020ebacb4eab8b0eba19c20eab3b5eab2a9ec9d8420eba789eb8a9420ebb295ec9d8420ebb0b0ec9b81eb8b88eb8ba42e20eabeb8eca480ed959c20ec8898eba0a8ec9cbceba19c20ebb0a9ec96b420eba788ec8aa4ed84b020eb8ba8eab384ec979020eb8f84eb8baced9688ec8ab5eb8b88eb8ba42e20ec9db4eca09c20ebb0a9ed8ca8eba19c20eba789ec9d8420eb958c20ec8381eb8c80ec9d9820ebacb4ec9ea5ec9d8420ed95b4eca09ced95a020ed9995eba5a0ec9db420ec839deab981eb8b88eb8ba42e00,SkillBlock,
Oblivion.esm,SKIL,00000042,ANAM,"Thick calluses cover your knuckles and joints from long hours of punching and kicking. At long last you are an Apprentice in Hand to Hand combat. You have a new Standing power attack, which does extra damage. Press and hold the attack button to use this power attack. ",오랜 시간 주먹과 발을 단련한 탓에 손마디와 관절에 굳은살이 두껍게 박였습니다. 마침내 격투 초급자 단계에 도달했습니다. 추가 피해를 주는 제자리 파워 어택을 사용할 수 있습니다. 공격 버튼을 길게 눌러 사용합니다.,ec98a4eb9e9c20ec8b9ceab08420eca3bceba8b9eab3bc20ebb09cec9d8420eb8ba8eba0a8ed959c20ed8393ec979020ec8690eba788eb9494ec998020eab480eca088ec979020eab5b3ec9d80ec82b4ec9db420eb9190eabb8deab28c20ebb095ec9880ec8ab5eb8b88eb8ba42e20eba788ecb9a8eb82b420eab2a9ed88ac20ecb488eab889ec9e9020eb8ba8eab384ec979020eb8f84eb8baced9688ec8ab5eb8b88eb8ba42e20ecb694eab08020ed94bced95b4eba5bc20eca3bceb8a9420eca09cec9e90eba6ac20ed8c8cec9b8c20ec96b4ed839dec9d8420ec82acec9aa9ed95a020ec889820ec9e88ec8ab5eb8b88eb8ba42e20eab3b5eab2a920ebb284ed8abcec9d8420eab8b8eab28c20eb888ceb9fac20ec82acec9aa9ed95a9eb8b88eb8ba42e00,SkillHandToHand,
Oblivion.esm,SKIL,00000042,JNAM,Thick calluses cover your knuckles and joints from long hours of punching and kicking. At long last you are a Journeyman in Hand to Hand combat. Your Sidestep power attack now has a chance to disarm your opponent. Press and hold Attack while moving left or right to use this power attack.,오랜 시간 주먹과 발을 단련한 탓에 손마디와 관절에 굳은살이 두껍게 박였습니다. 마침내 격투 숙련자 단계에 도달했습니다. 좌우 이동 파워 어택에 상대의 무장을 해제할 확률이 생깁니다. 왼쪽이나 오른쪽으로 이동하면서 공격 버튼을 길게 눌러 사용합니다.,ec98a4eb9e9c20ec8b9ceab08420eca3bceba8b9eab3bc20ebb09cec9d8420eb8ba8eba0a8ed959c20ed8393ec979020ec8690eba788eb9494ec998020eab480eca088ec979020eab5b3ec9d80ec82b4ec9db420eb9190eabb8deab28c20ebb095ec9880ec8ab5eb8b88eb8ba42e20eba788ecb9a8eb82b420eab2a9ed88ac20ec8899eba0a8ec9e9020eb8ba8eab384ec979020eb8f84eb8baced9688ec8ab5eb8b88eb8ba42e20eca28cec9ab020ec9db4eb8f9920ed8c8cec9b8c20ec96b4ed839dec979020ec8381eb8c80ec9d9820ebacb4ec9ea5ec9d8420ed95b4eca09ced95a020ed9995eba5a0ec9db420ec839deab981eb8b88eb8ba42e20ec99bcecaabdec9db4eb829820ec98a4eba5b8ecaabdec9cbceba19c20ec9db4eb8f99ed9598eba9b4ec849c20eab3b5eab2a920ebb284ed8abcec9d8420eab8b8eab28c20eb888ceb9fac20ec82acec9aa9ed95a9eb8b88eb8ba42e00,SkillHandToHand,
Oblivion.esm,SKIL,00000042,ENAM,"You are now an Expert in Hand to Hand combat. You gain the Sweeping power attack, with a chance to knock down your opponent. Press and hold Attack while moving backwards to use this power attack.",이제 격투 전문가 단계에 도달했습니다. 상대를 넘어뜨릴 확률이 있는 후퇴 파워 어택을 사용할 수 있습니다. 뒤로 이동하면서 공격 버튼을 길게 눌러 사용합니다.,ec9db4eca09c20eab2a9ed88ac20eca084ebacb8eab08020eb8ba8eab384ec979020eb8f84eb8baced9688ec8ab5eb8b88eb8ba42e20ec8381eb8c80eba5bc20eb8498ec96b4eb9ca8eba6b420ed9995eba5a0ec9db420ec9e88eb8a9420ed9b84ed87b420ed8c8cec9b8c20ec96b4ed839dec9d8420ec82acec9aa9ed95a020ec889820ec9e88ec8ab5eb8b88eb8ba42e20eb92a4eba19c20ec9db4eb8f99ed9598eba9b4ec849c20eab3b5eab2a920ebb284ed8abcec9d8420eab8b8eab28c20eb888ceb9fac20ec82acec9aa9ed95a9eb8b88eb8ba42e00,SkillHandToHand,
Oblivion.esm,SKIL,00000042,MNAM,"At long last you are a Master of Hand to Hand combat. You now have the Rushing power attack, which has a chance to paralyze your opponent. Press and hold Attack while moving forward to use this power attack. Blocking has a chance to disarm your opponent.",마침내 격투 마스터 단계에 도달했습니다. 상대를 마비시킬 확률이 있는 돌진 파워 어택을 사용할 수 있습니다. 앞으로 이동하면서 공격 버튼을 길게 눌러 사용합니다. 또한 방어할 때 상대의 무장을 해제할 확률이 생깁니다.,eba788ecb9a8eb82b420eab2a9ed88ac20eba788ec8aa4ed84b020eb8ba8eab384ec979020eb8f84eb8baced9688ec8ab5eb8b88eb8ba42e20ec8381eb8c80eba5bc20eba788ebb984ec8b9ced82ac20ed9995eba5a0ec9db420ec9e88eb8a9420eb8f8ceca78420ed8c8cec9b8c20ec96b4ed839dec9d8420ec82acec9aa9ed95a020ec889820ec9e88ec8ab5eb8b88eb8ba42e20ec959eec9cbceba19c20ec9db4eb8f99ed9598eba9b4ec849c20eab3b5eab2a920ebb284ed8abcec9d8420eab8b8eab28c20eb888ceb9fac20ec82acec9aa9ed95a9eb8b88eb8ba42e20eb9890ed959c20ebb0a9ec96b4ed95a020eb958c20ec8381eb8c80ec9d9820ebacb4ec9ea5ec9d8420ed95b4eca09ced95a020ed9995eba5a0ec9db420ec839deab981eb8b88eb8ba42e00,SkillHandToHand,
Oblivion.esm,SKIL,00000043,ANAM,"Days and weeks of constant use make wearing heavy armor tolerable, but not comfortable. You have learned to adapt to its weight and use it in combat. As an Apprentice of Heavy Armor, your plate mail is no longer damaged as swiftly from combat.","며칠, 몇 주 동안 중갑옷을 계속 착용하면서 불편함을 견디는 법을 익혔습니다. 무게에 적응해 전투에서도 능숙하게 사용할 수 있게 되었습니다. 중갑옷 초급자 단계에서는 전투 중 갑옷이 이전보다 천천히 손상됩니다.",eba9b0ecb9a02c20ebaa8720eca3bc20eb8f99ec958820eca491eab091ec98b7ec9d8420eab384ec868d20ecb0a9ec9aa9ed9598eba9b4ec849c20ebb688ed8eb8ed95a8ec9d8420eab2aceb9494eb8a9420ebb295ec9d8420ec9db5ed9894ec8ab5eb8b88eb8ba42e20ebacb4eab28cec979020eca081ec9d91ed95b420eca084ed88acec9790ec849ceb8f8420eb8aa5ec8899ed9598eab28c20ec82acec9aa9ed95a020ec889820ec9e88eab28c20eb9098ec9788ec8ab5eb8b88eb8ba42e20eca491eab091ec98b720ecb488eab889ec9e9020eb8ba8eab384ec9790ec849ceb8a9420eca084ed88ac20eca49120eab091ec98b7ec9db420ec9db4eca084ebb3b4eb8ba420ecb29cecb29ced9e8820ec8690ec8381eb90a9eb8b88eb8ba42e00,SkillHeavyArmor,
Oblivion.esm,SKIL,00000043,JNAM,"Days and weeks of constant use make wearing heavy armor tolerable, but not comfortable. You have learned to adapt to its weight and use it in combat. As a Journeyman of Heavy Armor, your plate mail is no longer damaged as swiftly from combat.","며칠, 몇 주 동안 중갑옷을 계속 착용하면서 불편함을 견디는 법을 익혔습니다. 무게에 적응해 전투에서도 능숙하게 사용할 수 있게 되었습니다. 중갑옷 숙련자 단계에서는 전투 중 갑옷이 이전보다 천천히 손상됩니다.",eba9b0ecb9a02c20ebaa8720eca3bc20eb8f99ec958820eca491eab091ec98b7ec9d8420eab384ec868d20ecb0a9ec9aa9ed9598eba9b4ec849c20ebb688ed8eb8ed95a8ec9d8420eab2aceb9494eb8a9420ebb295ec9d8420ec9db5ed9894ec8ab5eb8b88eb8ba42e20ebacb4eab28cec979020eca081ec9d91ed95b420eca084ed88acec9790ec849ceb8f8420eb8aa5ec8899ed9598eab28c20ec82acec9aa9ed95a020ec889820ec9e88eab28c20eb9098ec9788ec8ab5eb8b88eb8ba42e20eca491eab091ec98b720ec8899eba0a8ec9e9020eb8ba8eab384ec9790ec849ceb8a9420eca084ed88ac20eca49120eab091ec98b7ec9db420ec9db4eca084ebb3b4eb8ba420ecb29cecb29ced9e8820ec8690ec8381eb90a9eb8b88eb8ba42e00,SkillHeavyArmor,
Oblivion.esm,SKIL,00000043,ENAM,"Days and weeks of constant use make wearing heavy armor tolerable, but not comfortable. You have learned to adapt to its weight and use it in combat. As an Expert of Heavy Armor, your plate mail no longer encumbers you as much when you are running or swimming.","며칠, 몇 주 동안 중갑옷을 계속 착용하면서 불편함을 견디는 법을 익혔습니다. 무게에 적응해 전투에서도 능숙하게 사용할 수 있게 되었습니다. 중갑옷 전문가 단계에서는 달리거나 수영할 때 중갑옷의 무게 부담이 크게 줄어듭니다.",eba9b0ecb9a02c20ebaa8720eca3bc20eb8f99ec958820eca491eab091ec98b7ec9d8420eab384ec868d20ecb0a9ec9aa9ed9598eba9b4ec849c20ebb688ed8eb8ed95a8ec9d8420eab2aceb9494eb8a9420ebb295ec9d8420ec9db5ed9894ec8ab5eb8b88eb8ba42e20ebacb4eab28cec979020eca081ec9d91ed95b420eca084ed88acec9790ec849ceb8f8420eb8aa5ec8899ed9598eab28c20ec82acec9aa9ed95a020ec889820ec9e88eab28c20eb9098ec9788ec8ab5eb8b88eb8ba42e20eca491eab091ec98b720eca084ebacb8eab08020eb8ba8eab384ec9790ec849ceb8a9420eb8baceba6aceab1b0eb829820ec8898ec9881ed95a020eb958c20eca491eab091ec98b7ec9d9820ebacb4eab28c20ebb680eb8bb4ec9db420ed81aceab28c20eca484ec96b4eb93adeb8b88eb8ba42e00,SkillHeavyArmor,
Oblivion.esm,SKIL,00000043,MNAM,"Days and weeks of constant use make wearing heavy armor tolerable, but not comfortable. You have learned to adapt to its weight and use it in combat. As a Master of Heavy Armor, your plate mail no longer encumbers you at all when you are running or swimming.","며칠, 몇 주 동안 중갑옷을 계속 착용하면서 불편함을 견디는 법을 익혔습니다. 무게에 적응해 전투에서도 능숙하게 사용할 수 있게 되었습니다. 중갑옷 마스터 단계에서는 달리거나 수영할 때 중갑옷의 무게 부담을 전혀 받지 않습니다.",eba9b0ecb9a02c20ebaa8720eca3bc20eb8f99ec958820eca491eab091ec98b7ec9d8420eab384ec868d20ecb0a9ec9aa9ed9598eba9b4ec849c20ebb688ed8eb8ed95a8ec9d8420eab2aceb9494eb8a9420ebb295ec9d8420ec9db5ed9894ec8ab5eb8b88eb8ba42e20ebacb4eab28cec979020eca081ec9d91ed95b420eca084ed88acec9790ec849ceb8f8420eb8aa5ec8899ed9598eab28c20ec82acec9aa9ed95a020ec889820ec9e88eab28c20eb9098ec9788ec8ab5eb8b88eb8ba42e20eca491eab091ec98b720eba788ec8aa4ed84b020eb8ba8eab384ec9790ec849ceb8a9420eb8baceba6aceab1b0eb829820ec8898ec9881ed95a020eb958c20eca491eab091ec98b7ec9d9820ebacb4eab28c20ebb680eb8bb4ec9d8420eca084ed988020ebb09beca78020ec958aec8ab5eb8b88eb8ba42e00,SkillHeavyArmor,
Oblivion.esm,SKIL,0000004C,ANAM,"Your light armor is like a second skin after all those days and weeks wearing it. You have learned to move easily with it in combat. As an Apprentice of Light Armor, your gear is no longer damaged as swiftly from combat.","며칠, 몇 주 동안 경갑옷을 계속 입은 끝에 이제 제2의 피부처럼 익숙해졌습니다. 전투 중에도 자유롭게 움직일 수 있게 되었습니다. 경갑옷 초급자 단계에서는 장비가 전투 중 이전보다 천천히 손상됩니다.",eba9b0ecb9a02c20ebaa8720eca3bc20eb8f99ec958820eab2bdeab091ec98b7ec9d8420eab384ec868d20ec9e85ec9d8020eb819dec979020ec9db4eca09c20eca09c32ec9d9820ed94bcebb680ecb298eb9fbc20ec9db5ec8899ed95b4eca18cec8ab5eb8b88eb8ba42e20eca084ed88ac20eca491ec9790eb8f8420ec9e90ec9ca0eba1adeab28c20ec9b80eca781ec9dbc20ec889820ec9e88eab28c20eb9098ec9788ec8ab5eb8b88eb8ba42e20eab2bdeab091ec98b720ecb488eab889ec9e9020eb8ba8eab384ec9790ec849ceb8a9420ec9ea5ebb984eab08020eca084ed88ac20eca49120ec9db4eca084ebb3b4eb8ba420ecb29cecb29ced9e8820ec8690ec8381eb90a9eb8b88eb8ba42e00,SkillLightArmor,
Oblivion.esm,SKIL,0000004C,JNAM,"Your light armor is like a second skin after all those days and weeks wearing it. You have learned to move easily with it in combat. As a Journeyman of Light Armor, your gear is no longer damaged as swiftly from combat.","며칠, 몇 주 동안 경갑옷을 계속 입은 끝에 이제 제2의 피부처럼 익숙해졌습니다. 전투 중에도 자유롭게 움직일 수 있게 되었습니다. 경갑옷 숙련자 단계에서는 장비가 전투 중 이전보다 천천히 손상됩니다.",eba9b0ecb9a02c20ebaa8720eca3bc20eb8f99ec958820eab2bdeab091ec98b7ec9d8420eab384ec868d20ec9e85ec9d8020eb819dec979020ec9db4eca09c20eca09c32ec9d9820ed94bcebb680ecb298eb9fbc20ec9db5ec8899ed95b4eca18cec8ab5eb8b88eb8ba42e20eca084ed88ac20eca491ec9790eb8f8420ec9e90ec9ca0eba1adeab28c20ec9b80eca781ec9dbc20ec889820ec9e88eab28c20eb9098ec9788ec8ab5eb8b88eb8ba42e20eab2bdeab091ec98b720ec8899eba0a8ec9e9020eb8ba8eab384ec9790ec849ceb8a9420ec9ea5ebb984eab08020eca084ed88ac20eca49120ec9db4eca084ebb3b4eb8ba420ecb29cecb29ced9e8820ec8690ec8381eb90a9eb8b88eb8ba42e00,SkillLightArmor,
Oblivion.esm,SKIL,0000004C,ENAM,"Your light armor is like a second skin after all those days and weeks wearing it. You have learned to move easily with it in combat. As an Expert of Light Armor, your gear no longer encumbers you.","며칠, 몇 주 동안 경갑옷을 계속 입은 끝에 이제 제2의 피부처럼 익숙해졌습니다. 전투 중에도 자유롭게 움직일 수 있게 되었습니다. 경갑옷 전문가 단계에서는 경갑옷의 무게 부담을 받지 않습니다.",eba9b0ecb9a02c20ebaa8720eca3bc20eb8f99ec958820eab2bdeab091ec98b7ec9d8420eab384ec868d20ec9e85ec9d8020eb819dec979020ec9db4eca09c20eca09c32ec9d9820ed94bcebb680ecb298eb9fbc20ec9db5ec8899ed95b4eca18cec8ab5eb8b88eb8ba42e20eca084ed88ac20eca491ec9790eb8f8420ec9e90ec9ca0eba1adeab28c20ec9b80eca781ec9dbc20ec889820ec9e88eab28c20eb9098ec9788ec8ab5eb8b88eb8ba42e20eab2bdeab091ec98b720eca084ebacb8eab08020eb8ba8eab384ec9790ec849ceb8a9420eab2bdeab091ec98b7ec9d9820ebacb4eab28c20ebb680eb8bb4ec9d8420ebb09beca78020ec958aec8ab5eb8b88eb8ba42e00,SkillLightArmor,
Oblivion.esm,SKIL,0000004C,MNAM,"Your light armor is like a second skin after all those days and weeks wearing it. You have learned to move easily with it in combat. As a Master of Light Armor, you gain a 50% increase in protection if wearing all light armor.","며칠, 몇 주 동안 경갑옷을 계속 입은 끝에 이제 제2의 피부처럼 익숙해졌습니다. 전투 중에도 자유롭게 움직일 수 있게 되었습니다. 경갑옷 마스터 단계에서는 모든 방어구 슬롯에 경갑옷을 착용하면 방어력이 50% 증가합니다.",eba9b0ecb9a02c20ebaa8720eca3bc20eb8f99ec958820eab2bdeab091ec98b7ec9d8420eab384ec868d20ec9e85ec9d8020eb819dec979020ec9db4eca09c20eca09c32ec9d9820ed94bcebb680ecb298eb9fbc20ec9db5ec8899ed95b4eca18cec8ab5eb8b88eb8ba42e20eca084ed88ac20eca491ec9790eb8f8420ec9e90ec9ca0eba1adeab28c20ec9b80eca781ec9dbc20ec889820ec9e88eab28c20eb9098ec9788ec8ab5eb8b88eb8ba42e20eab2bdeab091ec98b720eba788ec8aa4ed84b020eb8ba8eab384ec9790ec849ceb8a9420ebaaa8eb93a020ebb0a9ec96b4eab5ac20ec8aaceba1afec979020eab2bdeab091ec98b7ec9d8420ecb0a9ec9aa9ed9598eba9b420ebb0a9ec96b4eba0a5ec9db42035302520eca69deab080ed95a9eb8b88eb8ba42e00,SkillLightArmor,
Oblivion.esm,SKIL,0000004D,ANAM,"The twang of the bow and the scraping of arrow fletchings are quite familiar to you. As a new Apprentice Marksman, holding the bowstring with a knocked arrow no longer fatigues you.",활시위가 튕기는 소리와 화살깃이 스치는 소리가 이제 익숙합니다. 궁술 초급자 단계에 도달했습니다. 이제 화살을 메긴 채 활시위를 당기고 있어도 피로도가 소모되지 않습니다.,ed999cec8b9cec9c84eab08020ed8a95eab8b0eb8a9420ec868ceba6acec998020ed9994ec82b4eab983ec9db420ec8aa4ecb998eb8a9420ec868ceba6aceab08020ec9db4eca09c20ec9db5ec8899ed95a9eb8b88eb8ba42e20eab681ec88a020ecb488eab889ec9e9020eb8ba8eab384ec979020eb8f84eb8baced9688ec8ab5eb8b88eb8ba42e20ec9db4eca09c20ed9994ec82b4ec9d8420eba994eab8b420ecb18420ed999cec8b9cec9c84eba5bc20eb8bb9eab8b0eab3a020ec9e88ec96b4eb8f8420ed94bceba19ceb8f84eab08020ec868cebaaa8eb9098eca78020ec958aec8ab5eb8b88eb8ba42e00,SkillMarksman,
Oblivion.esm,SKIL,0000004D,JNAM,"The twang of the bow and the scraping of arrow fletchings are quite familiar to you. As a new Journeyman Marksman, your vision focuses in on the target if you hold block with an arrow nocked.",활시위가 튕기는 소리와 화살깃이 스치는 소리가 이제 익숙합니다. 궁술 숙련자 단계에 도달했습니다. 화살을 메긴 상태에서 방어 버튼을 누르면 시야를 확대해 목표물에 집중할 수 있습니다.,ed999cec8b9cec9c84eab08020ed8a95eab8b0eb8a9420ec868ceba6acec998020ed9994ec82b4eab983ec9db420ec8aa4ecb998eb8a9420ec868ceba6aceab08020ec9db4eca09c20ec9db5ec8899ed95a9eb8b88eb8ba42e20eab681ec88a020ec8899eba0a8ec9e9020eb8ba8eab384ec979020eb8f84eb8baced9688ec8ab5eb8b88eb8ba42e20ed9994ec82b4ec9d8420eba994eab8b420ec8381ed839cec9790ec849c20ebb0a9ec96b420ebb284ed8abcec9d8420eb8884eba5b4eba9b420ec8b9cec95bceba5bc20ed9995eb8c80ed95b420ebaaa9ed919cebacbcec979020eca791eca491ed95a020ec889820ec9e88ec8ab5eb8b88eb8ba42e00,SkillMarksman,
Oblivion.esm,SKIL,0000004D,ENAM,"The twang of the bow and the scraping of arrow fletchings are quite familiar to you. As a new Expert Marksman, your arrows now have a chance to knock down your opponent.",활시위가 튕기는 소리와 화살깃이 스치는 소리가 이제 익숙합니다. 궁술 전문가 단계에 도달했습니다. 이제 화살에 상대를 넘어뜨릴 확률이 생깁니다.,ed999cec8b9cec9c84eab08020ed8a95eab8b0eb8a9420ec868ceba6acec998020ed9994ec82b4eab983ec9db420ec8aa4ecb998eb8a9420ec868ceba6aceab08020ec9db4eca09c20ec9db5ec8899ed95a9eb8b88eb8ba42e20eab681ec88a020eca084ebacb8eab08020eb8ba8eab384ec979020eb8f84eb8baced9688ec8ab5eb8b88eb8ba42e20ec9db4eca09c20ed9994ec82b4ec979020ec8381eb8c80eba5bc20eb8498ec96b4eb9ca8eba6b420ed9995eba5a0ec9db420ec839deab981eb8b88eb8ba42e00,SkillMarksman,
Oblivion.esm,SKIL,0000004D,MNAM,"The twang of the bow and the scraping of arrow fletchings are quite familiar to you. As a new Master Marksman, your arrows now have a chance to paralyze your opponent.",활시위가 튕기는 소리와 화살깃이 스치는 소리가 이제 익숙합니다. 궁술 마스터 단계에 도달했습니다. 이제 화살에 상대를 마비시킬 확률이 생깁니다.,ed999cec8b9cec9c84eab08020ed8a95eab8b0eb8a9420ec868ceba6acec998020ed9994ec82b4eab983ec9db420ec8aa4ecb998eb8a9420ec868ceba6aceab08020ec9db4eca09c20ec9db5ec8899ed95a9eb8b88eb8ba42e20eab681ec88a020eba788ec8aa4ed84b020eb8ba8eab384ec979020eb8f84eb8baced9688ec8ab5eb8b88eb8ba42e20ec9db4eca09c20ed9994ec82b4ec979020ec8381eb8c80eba5bc20eba788ebb984ec8b9ced82ac20ed9995eba5a0ec9db420ec839deab981eb8b88eb8ba42e00,SkillMarksman,
Oblivion.esm,SKIL,0000004E,ANAM,"Negotiation, bargaining, dickering, haggling, they're all a means to an end... getting the best price for your goods. You are now an Apprentice of Mercantile. The damaged condition of an item is no longer a factor when you sell it.","협상, 흥정, 가격 다툼은 모두 하나의 목적을 위한 수단입니다. 물건을 가장 좋은 가격에 거래하는 것입니다. 이제 상술 초급자 단계에 도달했습니다. 아이템을 팔 때 내구도 상태가 판매 가격에 영향을 주지 않습니다.",ed9891ec83812c20ed9da5eca0952c20eab080eab2a920eb8ba4ed88bcec9d8020ebaaa8eb919020ed9598eb8298ec9d9820ebaaa9eca081ec9d8420ec9c84ed959c20ec8898eb8ba8ec9e85eb8b88eb8ba42e20ebacbceab1b4ec9d8420eab080ec9ea520eca28bec9d8020eab080eab2a9ec979020eab1b0eb9e98ed9598eb8a9420eab283ec9e85eb8b88eb8ba42e20ec9db4eca09c20ec8381ec88a020ecb488eab889ec9e9020eb8ba8eab384ec979020eb8f84eb8baced9688ec8ab5eb8b88eb8ba42e20ec9584ec9db4ed859cec9d8420ed8c9420eb958c20eb82b4eab5aceb8f8420ec8381ed839ceab08020ed8c90eba7a420eab080eab2a9ec979020ec9881ed96a5ec9d8420eca3bceca78020ec958aec8ab5eb8b88eb8ba42e00,SkillMercantile,
Oblivion.esm,SKIL,0000004E,JNAM,"Negotiation, bargaining, dickering, haggling, they're all a means to an end... getting the best price for your goods.  You are now a Journeyman of Mercantile. You can buy and sell any object to any vendor, even if they normally do not deal in that type of wares.","협상, 흥정, 가격 다툼은 모두 하나의 목적을 위한 수단입니다. 물건을 가장 좋은 가격에 거래하는 것입니다. 이제 상술 숙련자 단계에 도달했습니다. 상인이 평소 취급하지 않는 종류의 물건이라도 모든 상인과 사고팔 수 있습니다.",ed9891ec83812c20ed9da5eca0952c20eab080eab2a920eb8ba4ed88bcec9d8020ebaaa8eb919020ed9598eb8298ec9d9820ebaaa9eca081ec9d8420ec9c84ed959c20ec8898eb8ba8ec9e85eb8b88eb8ba42e20ebacbceab1b4ec9d8420eab080ec9ea520eca28bec9d8020eab080eab2a9ec979020eab1b0eb9e98ed9598eb8a9420eab283ec9e85eb8b88eb8ba42e20ec9db4eca09c20ec8381ec88a020ec8899eba0a8ec9e9020eb8ba8eab384ec979020eb8f84eb8baced9688ec8ab5eb8b88eb8ba42e20ec8381ec9db8ec9db420ed8f89ec868c20ecb7a8eab889ed9598eca78020ec958aeb8a9420eca285eba598ec9d9820ebacbceab1b4ec9db4eb9dbceb8f8420ebaaa8eb93a020ec8381ec9db8eab3bc20ec82aceab3a0ed8c9420ec889820ec9e88ec8ab5eb8b88eb8ba42e00,SkillMercantile,
Oblivion.esm,SKIL,0000004E,ENAM,"Negotiation, bargaining, dickering, haggling, they're all a means to an end... getting the best price for your goods. You are now an Expert of Mercantile. You can now invest in a shop. Give the merchant money to permanently increase his shop's available gold by 500.","협상, 흥정, 가격 다툼은 모두 하나의 목적을 위한 수단입니다. 물건을 가장 좋은 가격에 거래하는 것입니다. 이제 상술 전문가 단계에 도달했습니다. 상점에 투자할 수 있습니다. 상인에게 돈을 투자하면 그 상점의 거래 가능 골드가 영구적으로 500 증가합니다.",ed9891ec83812c20ed9da5eca0952c20eab080eab2a920eb8ba4ed88bcec9d8020ebaaa8eb919020ed9598eb8298ec9d9820ebaaa9eca081ec9d8420ec9c84ed959c20ec8898eb8ba8ec9e85eb8b88eb8ba42e20ebacbceab1b4ec9d8420eab080ec9ea520eca28bec9d8020eab080eab2a9ec979020eab1b0eb9e98ed9598eb8a9420eab283ec9e85eb8b88eb8ba42e20ec9db4eca09c20ec8381ec88a020eca084ebacb8eab08020eb8ba8eab384ec979020eb8f84eb8baced9688ec8ab5eb8b88eb8ba42e20ec8381eca090ec979020ed88acec9e90ed95a020ec889820ec9e88ec8ab5eb8b88eb8ba42e20ec8381ec9db8ec9790eab28c20eb8f88ec9d8420ed88acec9e90ed9598eba9b420eab7b820ec8381eca090ec9d9820eab1b0eb9e9820eab080eb8aa520eab3a8eb939ceab08020ec9881eab5aceca081ec9cbceba19c2035303020eca69deab080ed95a9eb8b88eb8ba42e00,SkillMercantile,
Oblivion.esm,SKIL,0000004E,MNAM,"Negotiation, bargaining, dickering, haggling, they're all a means to an end... getting the best price for your goods. You are now a Master of Mercantile. All shops in the world now have 500 more gold available for barter.","협상, 흥정, 가격 다툼은 모두 하나의 목적을 위한 수단입니다. 물건을 가장 좋은 가격에 거래하는 것입니다. 이제 상술 마스터 단계에 도달했습니다. 모든 상점의 거래 가능 골드가 500 증가합니다.",ed9891ec83812c20ed9da5eca0952c20eab080eab2a920eb8ba4ed88bcec9d8020ebaaa8eb919020ed9598eb8298ec9d9820ebaaa9eca081ec9d8420ec9c84ed959c20ec8898eb8ba8ec9e85eb8b88eb8ba42e20ebacbceab1b4ec9d8420eab080ec9ea520eca28bec9d8020eab080eab2a9ec979020eab1b0eb9e98ed9598eb8a9420eab283ec9e85eb8b88eb8ba42e20ec9db4eca09c20ec8381ec88a020eba788ec8aa4ed84b020eb8ba8eab384ec979020eb8f84eb8baced9688ec8ab5eb8b88eb8ba42e20ebaaa8eb93a020ec8381eca090ec9d9820eab1b0eb9e9820eab080eb8aa520eab3a8eb939ceab0802035303020eca69deab080ed95a9eb8b88eb8ba42e00,SkillMercantile,
Oblivion.esm,SKIL,0000004F,ANAM,"The subtle rattle of lockpicks and falling lock tumblers is music to your ears. Your increased skills have made you an Apprentice of Security. When you pick locks, only three tumblers will fall when you break a pick.",락픽이 자물쇠 속에서 흔들리고 핀이 떨어지는 미세한 소리가 귀에는 음악처럼 들립니다. 실력이 늘어 잠금해제 초급자 단계에 도달했습니다. 락픽이 부러질 때 내려오는 핀은 최대 세 개뿐입니다.,eb9dbded94bdec9db420ec9e90ebacbcec87a020ec868dec9790ec849c20ed9d94eb93a4eba6aceab3a020ed9580ec9db420eb96a8ec96b4eca780eb8a9420ebafb8ec84b8ed959c20ec868ceba6aceab08020eab780ec9790eb8a9420ec9d8cec9585ecb298eb9fbc20eb93a4eba6bdeb8b88eb8ba42e20ec8ba4eba0a5ec9db420eb8a98ec96b420ec9ea0eab888ed95b4eca09c20ecb488eab889ec9e9020eb8ba8eab384ec979020eb8f84eb8baced9688ec8ab5eb8b88eb8ba42e20eb9dbded94bdec9db420ebb680eb9faceca78820eb958c20eb82b4eba0a4ec98a4eb8a9420ed9580ec9d8020ecb59ceb8c8020ec84b820eab09cebbf90ec9e85eb8b88eb8ba42e00,SkillSecurity,
Oblivion.esm,SKIL,0000004F,JNAM,"The subtle rattle of lockpicks and falling lock tumblers is music to your ears. Your increased skills have made you a Journeyman of Security. When you pick locks, only two tumblers will fall when you break a pick.",락픽이 자물쇠 속에서 흔들리고 핀이 떨어지는 미세한 소리가 귀에는 음악처럼 들립니다. 실력이 늘어 잠금해제 숙련자 단계에 도달했습니다. 락픽이 부러질 때 내려오는 핀은 최대 두 개뿐입니다.,eb9dbded94bdec9db420ec9e90ebacbcec87a020ec868dec9790ec849c20ed9d94eb93a4eba6aceab3a020ed9580ec9db420eb96a8ec96b4eca780eb8a9420ebafb8ec84b8ed959c20ec868ceba6aceab08020eab780ec9790eb8a9420ec9d8cec9585ecb298eb9fbc20eb93a4eba6bdeb8b88eb8ba42e20ec8ba4eba0a5ec9db420eb8a98ec96b420ec9ea0eab888ed95b4eca09c20ec8899eba0a8ec9e9020eb8ba8eab384ec979020eb8f84eb8baced9688ec8ab5eb8b88eb8ba42e20eb9dbded94bdec9db420ebb680eb9faceca78820eb958c20eb82b4eba0a4ec98a4eb8a9420ed9580ec9d8020ecb59ceb8c8020eb919020eab09cebbf90ec9e85eb8b88eb8ba42e00,SkillSecurity,
Oblivion.esm,SKIL,0000004F,ENAM,"The subtle rattle of lockpicks and falling lock tumblers is music to your ears. Your increased skills have made you an Expert of Security. When you pick locks, only one tumbler will fall when you break a pick.",락픽이 자물쇠 속에서 흔들리고 핀이 떨어지는 미세한 소리가 귀에는 음악처럼 들립니다. 실력이 늘어 잠금해제 전문가 단계에 도달했습니다. 락픽이 부러질 때 내려오는 핀은 최대 한 개뿐입니다.,eb9dbded94bdec9db420ec9e90ebacbcec87a020ec868dec9790ec849c20ed9d94eb93a4eba6aceab3a020ed9580ec9db420eb96a8ec96b4eca780eb8a9420ebafb8ec84b8ed959c20ec868ceba6aceab08020eab780ec9790eb8a9420ec9d8cec9585ecb298eb9fbc20eb93a4eba6bdeb8b88eb8ba42e20ec8ba4eba0a5ec9db420eb8a98ec96b420ec9ea0eab888ed95b4eca09c20eca084ebacb8eab08020eb8ba8eab384ec979020eb8f84eb8baced9688ec8ab5eb8b88eb8ba42e20eb9dbded94bdec9db420ebb680eb9faceca78820eb958c20eb82b4eba0a4ec98a4eb8a9420ed9580ec9d8020ecb59ceb8c8020ed959c20eab09cebbf90ec9e85eb8b88eb8ba42e00,SkillSecurity,
Oblivion.esm,SKIL,0000004F,MNAM,"The subtle rattle of lockpicks and falling lock tumblers is music to your ears. Your increased skills have made you a Master of Security. When you pick locks, no tumblers will fall when you break a pick.",락픽이 자물쇠 속에서 흔들리고 핀이 떨어지는 미세한 소리가 귀에는 음악처럼 들립니다. 실력이 늘어 잠금해제 마스터 단계에 도달했습니다. 락픽이 부러져도 핀이 내려오지 않습니다.,eb9dbded94bdec9db420ec9e90ebacbcec87a020ec868dec9790ec849c20ed9d94eb93a4eba6aceab3a020ed9580ec9db420eb96a8ec96b4eca780eb8a9420ebafb8ec84b8ed959c20ec868ceba6aceab08020eab780ec9790eb8a9420ec9d8cec9585ecb298eb9fbc20eb93a4eba6bdeb8b88eb8ba42e20ec8ba4eba0a5ec9db420eb8a98ec96b420ec9ea0eab888ed95b4eca09c20eba788ec8aa4ed84b020eb8ba8eab384ec979020eb8f84eb8baced9688ec8ab5eb8b88eb8ba42e20eb9dbded94bdec9db420ebb680eb9faceca0b8eb8f8420ed9580ec9db420eb82b4eba0a4ec98a4eca78020ec958aec8ab5eb8b88eb8ba42e00,SkillSecurity,
Oblivion.esm,SKIL,00000050,ANAM,"Stepping softly, hiding in the shadows, you do everything in your power to remain undetected. You have become an Apprentice of Sneaking. When you are sneaking, you now do extra damage while attacking a character that does not detect you.",발소리를 죽이고 그림자에 몸을 숨기며 들키지 않기 위해 할 수 있는 모든 것을 해왔습니다. 이제 잠입술 초급자 단계에 도달했습니다. 잠입 중 자신을 발견하지 못한 상대를 공격하면 추가 피해를 줍니다.,ebb09cec868ceba6aceba5bc20eca3bdec9db4eab3a020eab7b8eba6bcec9e90ec979020ebaab8ec9d8420ec88a8eab8b0eba9b020eb93a4ed82a4eca78020ec958aeab8b020ec9c84ed95b420ed95a020ec889820ec9e88eb8a9420ebaaa8eb93a020eab283ec9d8420ed95b4ec9994ec8ab5eb8b88eb8ba42e20ec9db4eca09c20ec9ea0ec9e85ec88a020ecb488eab889ec9e9020eb8ba8eab384ec979020eb8f84eb8baced9688ec8ab5eb8b88eb8ba42e20ec9ea0ec9e8520eca49120ec9e90ec8ba0ec9d8420ebb09ceab2aced9598eca78020ebaabbed959c20ec8381eb8c80eba5bc20eab3b5eab2a9ed9598eba9b420ecb694eab08020ed94bced95b4eba5bc20eca48deb8b88eb8ba42e00,SkillSneak,
Oblivion.esm,SKIL,00000050,JNAM,"Stepping softly, hiding in the shadows, you do everything in your power to remain undetected. You have become a Journeyman of Sneaking. The weight of your boots no longer affects your ability to remain undetected.",발소리를 죽이고 그림자에 몸을 숨기며 들키지 않기 위해 할 수 있는 모든 것을 해왔습니다. 이제 잠입술 숙련자 단계에 도달했습니다. 부츠의 무게가 발각 확률에 더 이상 영향을 주지 않습니다.,ebb09cec868ceba6aceba5bc20eca3bdec9db4eab3a020eab7b8eba6bcec9e90ec979020ebaab8ec9d8420ec88a8eab8b0eba9b020eb93a4ed82a4eca78020ec958aeab8b020ec9c84ed95b420ed95a020ec889820ec9e88eb8a9420ebaaa8eb93a020eab283ec9d8420ed95b4ec9994ec8ab5eb8b88eb8ba42e20ec9db4eca09c20ec9ea0ec9e85ec88a020ec8899eba0a8ec9e9020eb8ba8eab384ec979020eb8f84eb8baced9688ec8ab5eb8b88eb8ba42e20ebb680ecb8a0ec9d9820ebacb4eab28ceab08020ebb09ceab08120ed9995eba5a0ec979020eb8d9420ec9db4ec838120ec9881ed96a5ec9d8420eca3bceca78020ec958aec8ab5eb8b88eb8ba42e00,SkillSneak,
Oblivion.esm,SKIL,00000050,ENAM,"Stepping softly, hiding in the shadows, you do everything in your power to remain undetected. You have become an Expert at Sneaking. You can now move silently. Running or walking no longer affects your ability to remain undetected.","발소리를 죽이고 그림자에 몸을 숨기며 들키지 않기 위해 할 수 있는 모든 것을 해왔습니다. 이제 잠입술 전문가 단계에 도달했습니다. 소리 없이 움직일 수 있으며, 달리거나 걷는 것이 발각 확률에 더 이상 영향을 주지 않습니다.",ebb09cec868ceba6aceba5bc20eca3bdec9db4eab3a020eab7b8eba6bcec9e90ec979020ebaab8ec9d8420ec88a8eab8b0eba9b020eb93a4ed82a4eca78020ec958aeab8b020ec9c84ed95b420ed95a020ec889820ec9e88eb8a9420ebaaa8eb93a020eab283ec9d8420ed95b4ec9994ec8ab5eb8b88eb8ba42e20ec9db4eca09c20ec9ea0ec9e85ec88a020eca084ebacb8eab08020eb8ba8eab384ec979020eb8f84eb8baced9688ec8ab5eb8b88eb8ba42e20ec868ceba6ac20ec9786ec9db420ec9b80eca781ec9dbc20ec889820ec9e88ec9cbceba9b02c20eb8baceba6aceab1b0eb829820eab1b7eb8a9420eab283ec9db420ebb09ceab08120ed9995eba5a0ec979020eb8d9420ec9db4ec838120ec9881ed96a5ec9d8420eca3bceca78020ec958aec8ab5eb8b88eb8ba42e00,SkillSneak,
Oblivion.esm,SKIL,00000050,MNAM,"Stepping softly, hiding in the shadows, you do everything in your power to remain undetected. You have become a Master at Sneaking. While sneaking, any attack on an opponent that does not detect you ignores their armor. ",발소리를 죽이고 그림자에 몸을 숨기며 들키지 않기 위해 할 수 있는 모든 것을 해왔습니다. 이제 잠입술 마스터 단계에 도달했습니다. 잠입 중 자신을 발견하지 못한 상대를 공격하면 상대의 방어력을 무시합니다.,ebb09cec868ceba6aceba5bc20eca3bdec9db4eab3a020eab7b8eba6bcec9e90ec979020ebaab8ec9d8420ec88a8eab8b0eba9b020eb93a4ed82a4eca78020ec958aeab8b020ec9c84ed95b420ed95a020ec889820ec9e88eb8a9420ebaaa8eb93a020eab283ec9d8420ed95b4ec9994ec8ab5eb8b88eb8ba42e20ec9db4eca09c20ec9ea0ec9e85ec88a020eba788ec8aa4ed84b020eb8ba8eab384ec979020eb8f84eb8baced9688ec8ab5eb8b88eb8ba42e20ec9ea0ec9e8520eca49120ec9e90ec8ba0ec9d8420ebb09ceab2aced9598eca78020ebaabbed959c20ec8381eb8c80eba5bc20eab3b5eab2a9ed9598eba9b420ec8381eb8c80ec9d9820ebb0a9ec96b4eba0a5ec9d8420ebacb4ec8b9ced95a9eb8b88eb8ba42e00,SkillSneak,
Oblivion.esm,SKIL,00000051,ANAM,"Persuasion, wheedling, cajoling, and coercing are all tools of speechcraft. They are tools you seek to excel in. You are now an Apprentice of Speechcraft. When persuading a character, you now get one chance to rotate the response wedges without having to select an action.","설득, 감언이설, 회유와 압박은 모두 화술의 도구입니다. 이제 화술 초급자 단계에 도달했습니다. 설득할 때 한 번에 한해 행동을 선택하지 않고도 반응 쐐기를 회전시킬 수 있습니다.",ec84a4eb939d2c20eab090ec96b8ec9db4ec84a42c20ed9a8cec9ca0ec998020ec9595ebb095ec9d8020ebaaa8eb919020ed9994ec88a0ec9d9820eb8f84eab5acec9e85eb8b88eb8ba42e20ec9db4eca09c20ed9994ec88a020ecb488eab889ec9e9020eb8ba8eab384ec979020eb8f84eb8baced9688ec8ab5eb8b88eb8ba42e20ec84a4eb939ded95a020eb958c20ed959c20ebb288ec979020ed959ced95b420ed9689eb8f99ec9d8420ec84a0ed839ded9598eca78020ec958aeab3a0eb8f8420ebb098ec9d9120ec9090eab8b0eba5bc20ed9a8ceca084ec8b9ced82ac20ec889820ec9e88ec8ab5eb8b88eb8ba42e00,SkillSpeechcraft,
Oblivion.esm,SKIL,00000051,JNAM,"Persuasion, wheedling, cajoling, and coercing are all tools of speechcraft. They are tools you seek to excel in. You are now a Journeyman of Speechcraft. When trying to persuade a character, his or her disposition now decreases much slower.","설득, 감언이설, 회유와 압박은 모두 화술의 도구입니다. 이제 화술 숙련자 단계에 도달했습니다. 상대를 설득할 때 호감도가 이전보다 훨씬 천천히 감소합니다.",ec84a4eb939d2c20eab090ec96b8ec9db4ec84a42c20ed9a8cec9ca0ec998020ec9595ebb095ec9d8020ebaaa8eb919020ed9994ec88a0ec9d9820eb8f84eab5acec9e85eb8b88eb8ba42e20ec9db4eca09c20ed9994ec88a020ec8899eba0a8ec9e9020eb8ba8eab384ec979020eb8f84eb8baced9688ec8ab5eb8b88eb8ba42e20ec8381eb8c80eba5bc20ec84a4eb939ded95a020eb958c20ed98b8eab090eb8f84eab08020ec9db4eca084ebb3b4eb8ba420ed9ba8ec94ac20ecb29cecb29ced9e8820eab090ec868ced95a9eb8b88eb8ba42e00,SkillSpeechcraft,
Oblivion.esm,SKIL,00000051,ENAM,"Persuasion, wheedling, cajoling, and coercing are all tools of speechcraft. They are tools you seek to excel in. You are now an Expert of Speechcraft. When trying to persuade a character, you suffer less disposition penalty from the most disliked action.","설득, 감언이설, 회유와 압박은 모두 화술의 도구입니다. 이제 화술 전문가 단계에 도달했습니다. 상대가 가장 싫어하는 행동을 선택했을 때 받는 호감도 불이익이 줄어듭니다.",ec84a4eb939d2c20eab090ec96b8ec9db4ec84a42c20ed9a8cec9ca0ec998020ec9595ebb095ec9d8020ebaaa8eb919020ed9994ec88a0ec9d9820eb8f84eab5acec9e85eb8b88eb8ba42e20ec9db4eca09c20ed9994ec88a020eca084ebacb8eab08020eb8ba8eab384ec979020eb8f84eb8baced9688ec8ab5eb8b88eb8ba42e20ec8381eb8c80eab08020eab080ec9ea520ec8babec96b4ed9598eb8a9420ed9689eb8f99ec9d8420ec84a0ed839ded9688ec9d8420eb958c20ebb09beb8a9420ed98b8eab090eb8f8420ebb688ec9db4ec9db5ec9db420eca484ec96b4eb93adeb8b88eb8ba42e00,SkillSpeechcraft,
Oblivion.esm,SKIL,00000051,MNAM,"Persuasion, wheedling, cajoling, and coercing are all tools of speechcraft. They are tools you seek to excel in. You are now a Master of Speechcraft. When trying to persuade a character, bribery costs half of what it would normally.","설득, 감언이설, 회유와 압박은 모두 화술의 도구입니다. 이제 화술 마스터 단계에 도달했습니다. 상대를 설득할 때 뇌물 비용이 절반으로 줄어듭니다.",ec84a4eb939d2c20eab090ec96b8ec9db4ec84a42c20ed9a8cec9ca0ec998020ec9595ebb095ec9d8020ebaaa8eb919020ed9994ec88a0ec9d9820eb8f84eab5acec9e85eb8b88eb8ba42e20ec9db4eca09c20ed9994ec88a020eba788ec8aa4ed84b020eb8ba8eab384ec979020eb8f84eb8baced9688ec8ab5eb8b88eb8ba42e20ec8381eb8c80eba5bc20ec84a4eb939ded95a020eb958c20eb878cebacbc20ebb984ec9aa9ec9db420eca088ebb098ec9cbceba19c20eca484ec96b4eb93adeb8b88eb8ba42e00,SkillSpeechcraft,
Oblivion.esm,FACT,0006A7FC,MNAM,Tourist,관광객,eab480eab491eab09d00,SECourtofMadnessFaction,0
Oblivion.esm,FACT,0006A7FC,FNAM,Tourist,관광객,eab480eab491eab09d00,SECourtofMadnessFaction,0
Oblivion.esm,FACT,0006A7FC,MNAM,Aspirant,지망자,eca780eba79dec9e9000,SECourtofMadnessFaction,1
Oblivion.esm,FACT,0006A7FC,FNAM,Aspirant,지망자,eca780eba79dec9e9000,SECourtofMadnessFaction,1
Oblivion.esm,FACT,0006A7FC,MNAM,Citizen,시민,ec8b9cebafbc00,SECourtofMadnessFaction,2
Oblivion.esm,FACT,0006A7FC,FNAM,Citizen,시민,ec8b9cebafbc00,SECourtofMadnessFaction,2
Oblivion.esm,FACT,0006A7FC,MNAM,Madman,광인,eab491ec9db800,SECourtofMadnessFaction,3
Oblivion.esm,FACT,0006A7FC,FNAM,Madwoman,광녀,eab491eb858000,SECourtofMadnessFaction,3
Oblivion.esm,FACT,0006A7FC,MNAM,Honored Madman,명예로운 광인,ebaa85ec9888eba19cec9ab420eab491ec9db800,SECourtofMadnessFaction,4
Oblivion.esm,FACT,0006A7FC,FNAM,Honored Madwoman,명예로운 광녀,ebaa85ec9888eba19cec9ab420eab491eb858000,SECourtofMadnessFaction,4
Oblivion.esm,FACT,0006A7FC,MNAM,Duke of Dementia,디멘시아의 공작,eb9494eba998ec8b9cec9584ec9d9820eab3b5ec9e9100,SECourtofMadnessFaction,5
Oblivion.esm,FACT,0006A7FC,FNAM,Duchess of Mania,매니아의 여공작,eba7a4eb8b88ec9584ec9d9820ec97aceab3b5ec9e9100,SECourtofMadnessFaction,5
Oblivion.esm,FACT,0006A7FC,MNAM,Duke of Mania,매니아의 공작,eba7a4eb8b88ec9584ec9d9820eab3b5ec9e9100,SECourtofMadnessFaction,6
Oblivion.esm,FACT,0006A7FC,FNAM,Defender of the Realm,왕국의 수호자,ec9995eab5adec9d9820ec8898ed98b8ec9e9000,SECourtofMadnessFaction,6
Oblivion.esm,FACT,0006A7FC,MNAM,Madgod,광기의 신,eab491eab8b0ec9d9820ec8ba000,SECourtofMadnessFaction,7
Oblivion.esm,FACT,0006A7FC,FNAM,Madgod,광기의 신,eab491eab8b0ec9d9820ec8ba000,SECourtofMadnessFaction,7
Oblivion.esm,FACT,0006A7FC,MNAM,Defender of the Realm,왕국의 수호자,ec9995eab5adec9d9820ec8898ed98b8ec9e9000,SECourtofMadnessFaction,8
Oblivion.esm,FACT,0006A7FC,FNAM,Duchess of Dementia,디멘시아의 여공작,eb9494eba998ec8b9cec9584ec9d9820ec97aceab3b5ec9e9100,SECourtofMadnessFaction,8
Oblivion.esm,FACT,0006A7FC,FNAM,Regent,섭정,ec84adeca09500,SECourtofMadnessFaction,9
Oblivion.esm,FACT,0006A7FC,MNAM,Regent,섭정,ec84adeca09500,SECourtofMadnessFaction,9
Oblivion.esm,FACT,000980DD,MNAM,Brother,형제,ed9895eca09c00,OrderoftheVirtuousBlood,0
Oblivion.esm,FACT,000980DD,FNAM,Sister,자매,ec9e90eba7a400,OrderoftheVirtuousBlood,0
Oblivion.esm,FACT,00033F53,MNAM,Vampire,뱀파이어,ebb180ed8c8cec9db4ec96b400,VampireFaction,0
Oblivion.esm,FACT,00033F53,FNAM,Vampire,뱀파이어,ebb180ed8c8cec9db4ec96b400,VampireFaction,0
Oblivion.esm,FACT,000335B0,MNAM,Honorary Knight,명예 기사,ebaa85ec988820eab8b0ec82ac00,KnightsThornFaction,0
Oblivion.esm,FACT,000335B0,FNAM,Honorary Knight,명예 기사,ebaa85ec988820eab8b0ec82ac00,KnightsThornFaction,0
Oblivion.esm,FACT,0002FF29,MNAM,Probationary Member,수습 단원,ec8898ec8ab520eb8ba8ec9b9000,BlackwoodCompanyFACTION,0
Oblivion.esm,FACT,0002FF29,FNAM,Probationary Member,수습 단원,ec8898ec8ab520eb8ba8ec9b9000,BlackwoodCompanyFACTION,0
Oblivion.esm,FACT,0002FF29,MNAM,Company Member,컴퍼니 단원,ecbbb4ed8dbceb8b8820eb8ba8ec9b9000,BlackwoodCompanyFACTION,1
Oblivion.esm,FACT,0002FF29,FNAM,Company Member,컴퍼니 단원,ecbbb4ed8dbceb8b8820eb8ba8ec9b9000,BlackwoodCompanyFACTION,1
Oblivion.esm,FACT,0002F872,MNAM,Murderer,살인자,ec82b4ec9db8ec9e9000,DarkBrotherhood,0
Oblivion.esm,FACT,0002F872,FNAM,Murderer,살인자,ec82b4ec9db8ec9e9000,DarkBrotherhood,0
Oblivion.esm,FACT,0002F872,MNAM,Slayer,슬레이어,ec8aaceba088ec9db4ec96b400,DarkBrotherhood,1
Oblivion.esm,FACT,0002F872,FNAM,Slayer,슬레이어,ec8aaceba088ec9db4ec96b400,DarkBrotherhood,1
Oblivion.esm,FACT,0002F872,MNAM,Eliminator,일리미네이터,ec9dbceba6acebafb8eb84a4ec9db4ed84b000,DarkBrotherhood,2
Oblivion.esm,FACT,0002F872,FNAM,Eliminator,일리미네이터,ec9dbceba6acebafb8eb84a4ec9db4ed84b000,DarkBrotherhood,2
Oblivion.esm,FACT,0002F872,MNAM,Executioner,처형자,ecb298ed9895ec9e9000,DarkBrotherhood,4
Oblivion.esm,FACT,0002F872,FNAM,Executioner,처형자,ecb298ed9895ec9e9000,DarkBrotherhood,4
Oblivion.esm,FACT,0002F872,MNAM,Silencer,사일렌서,ec82acec9dbceba08cec849c00,DarkBrotherhood,5
Oblivion.esm,FACT,0002F872,FNAM,Silencer,사일렌서,ec82acec9dbceba08cec849c00,DarkBrotherhood,5
Oblivion.esm,FACT,0002F872,MNAM,Listener,청취자,ecb2adecb7a8ec9e9000,DarkBrotherhood,7
Oblivion.esm,FACT,0002F872,FNAM,Listener,청취자,ecb2adecb7a8ec9e9000,DarkBrotherhood,7
Oblivion.esm,FACT,00029F82,MNAM,Initiate,입문자,ec9e85ebacb8ec9e9000,MythicDawn,0
Oblivion.esm,FACT,00029F82,FNAM,Initiate,입문자,ec9e85ebacb8ec9e9000,MythicDawn,0
Oblivion.esm,FACT,00029F82,MNAM,Acolyte,수행사제,ec8898ed9689ec82aceca09c00,MythicDawn,1
Oblivion.esm,FACT,00029F82,FNAM,Acolyte,수행사제,ec8898ed9689ec82aceca09c00,MythicDawn,1
Oblivion.esm,FACT,000299B9,MNAM,Pit Dog,투견,ed88aceab2ac00,ArenaCombatants,0
Oblivion.esm,FACT,000299B9,FNAM,Pit Dog,투견,ed88aceab2ac00,ArenaCombatants,0
Oblivion.esm,FACT,000299B9,MNAM,Brawler,싸움꾼,ec8bb8ec9b80eabebc00,ArenaCombatants,1
Oblivion.esm,FACT,000299B9,FNAM,Brawler,싸움꾼,ec8bb8ec9b80eabebc00,ArenaCombatants,1
Oblivion.esm,FACT,000299B9,MNAM,Bloodletter,블러드레터,ebb894eb9faceb939ceba088ed84b000,ArenaCombatants,2
Oblivion.esm,FACT,000299B9,FNAM,Bloodletter,블러드레터,ebb894eb9faceb939ceba088ed84b000,ArenaCombatants,2
Oblivion.esm,FACT,000299B9,MNAM,Myrmidon,미르미돈,ebafb8eba5b4ebafb8eb8f8800,ArenaCombatants,3
Oblivion.esm,FACT,000299B9,FNAM,Myrmidon,미르미돈,ebafb8eba5b4ebafb8eb8f8800,ArenaCombatants,3
Oblivion.esm,FACT,000299B9,MNAM,Gladiator,검투사,eab280ed88acec82ac00,ArenaCombatants,5
Oblivion.esm,FACT,000299B9,FNAM,Gladiator,검투사,eab280ed88acec82ac00,ArenaCombatants,5
Oblivion.esm,FACT,000299B9,MNAM,Hero,영웅,ec9881ec9b8500,ArenaCombatants,6
Oblivion.esm,FACT,000299B9,FNAM,Hero,영웅,ec9881ec9b8500,ArenaCombatants,6
Oblivion.esm,FACT,000274AB,MNAM,Knight Brother,기사 형제,eab8b0ec82ac20ed9895eca09c00,Blades,0
Oblivion.esm,FACT,000274AB,FNAM,Knight Sister,기사 자매,eab8b0ec82ac20ec9e90eba7a400,Blades,0
Oblivion.esm,FACT,000274AB,MNAM,Captain,대장,eb8c80ec9ea500,Blades,1
Oblivion.esm,FACT,000274AB,FNAM,Captain,대장,eb8c80ec9ea500,Blades,1
Oblivion.esm,FACT,000274AB,MNAM,Grandmaster,그랜드마스터,eab7b8eb9e9ceb939ceba788ec8aa4ed84b000,Blades,2
Oblivion.esm,FACT,000274AB,FNAM,Grandmaster,그랜드마스터,eab7b8eb9e9ceb939ceba788ec8aa4ed84b000,Blades,2
Oblivion.esm,FACT,00024164,MNAM,Footpad,노상강도,eb85b8ec8381eab095eb8f8400,ThievesGuild,1
Oblivion.esm,FACT,00024164,FNAM,Footpad,노상강도,eb85b8ec8381eab095eb8f8400,ThievesGuild,1
Oblivion.esm,FACT,00024164,MNAM,Prowler,절도범,eca088eb8f84ebb29400,ThievesGuild,3
Oblivion.esm,FACT,00024164,FNAM,Prowler,절도범,eca088eb8f84ebb29400,ThievesGuild,3
Oblivion.esm,FACT,00024164,MNAM,Cat burglar,빈집털이범,ebb988eca791ed84b8ec9db4ebb29400,ThievesGuild,4
Oblivion.esm,FACT,00024164,FNAM,Cat burglar,빈집털이범,ebb988eca791ed84b8ec9db4ebb29400,ThievesGuild,4
Oblivion.esm,FACT,00024164,MNAM,Shadowfoot,쉐도우풋,ec8990eb8f84ec9ab0ed928b00,ThievesGuild,5
Oblivion.esm,FACT,00024164,FNAM,Shadowfoot,쉐도우풋,ec8990eb8f84ec9ab0ed928b00,ThievesGuild,5
Oblivion.esm,FACT,00024164,MNAM,Master Thief,마스터 씨프,eba788ec8aa4ed84b020ec94a8ed948400,ThievesGuild,6
Oblivion.esm,FACT,00024164,FNAM,Master Thief,마스터 씨프,eba788ec8aa4ed84b020ec94a8ed948400,ThievesGuild,6
Oblivion.esm,FACT,00022296,MNAM,Associate,준회원,eca480ed9a8cec9b9000,MagesGuild,0
Oblivion.esm,FACT,00022296,FNAM,Associate,준회원,eca480ed9a8cec9b9000,MagesGuild,0
Oblivion.esm,FACT,00022296,MNAM,Apprentice,도제,eb8f84eca09c00,MagesGuild,1
Oblivion.esm,FACT,00022296,FNAM,Apprentice,도제,eb8f84eca09c00,MagesGuild,1
Oblivion.esm,FACT,00022296,MNAM,Journeyman,숙련자,ec8899eba0a8ec9e9000,MagesGuild,2
Oblivion.esm,FACT,00022296,FNAM,Journeyman,숙련자,ec8899eba0a8ec9e9000,MagesGuild,2
Oblivion.esm,FACT,00022296,MNAM,Evoker,에보커,ec9790ebb3b4ecbba400,MagesGuild,3
Oblivion.esm,FACT,00022296,FNAM,Evoker,에보커,ec9790ebb3b4ecbba400,MagesGuild,3
Oblivion.esm,FACT,00022296,MNAM,Conjurer,소환마법사,ec868ced9998eba788ebb295ec82ac00,MagesGuild,4
Oblivion.esm,FACT,00022296,FNAM,Conjurer,소환마법사,ec868ced9998eba788ebb295ec82ac00,MagesGuild,4
Oblivion.esm,FACT,00022296,MNAM,Magician,매지션,eba7a4eca780ec859800,MagesGuild,5
Oblivion.esm,FACT,00022296,FNAM,Magician,매지션,eba7a4eca780ec859800,MagesGuild,5
Oblivion.esm,FACT,00022296,MNAM,Wizard,위저드,ec9c84eca080eb939c00,MagesGuild,7
Oblivion.esm,FACT,00022296,FNAM,Wizard,위저드,ec9c84eca080eb939c00,MagesGuild,7
Oblivion.esm,FACT,00022296,MNAM,Master-Wizard,마스터위저드,eba788ec8aa4ed84b0ec9c84eca080eb939c00,MagesGuild,8
Oblivion.esm,FACT,00022296,FNAM,Master-Wizard,마스터위저드,eba788ec8aa4ed84b0ec9c84eca080eb939c00,MagesGuild,8
Oblivion.esm,FACT,00022296,MNAM,Arch-Mage,대마법사,eb8c80eba788ebb295ec82ac00,MagesGuild,9
Oblivion.esm,FACT,00022296,FNAM,Arch-Mage,대마법사,eb8c80eba788ebb295ec82ac00,MagesGuild,9
Oblivion.esm,FACT,0002228F,MNAM,Associate,준회원,eca480ed9a8cec9b9000,FightersGuild,0
Oblivion.esm,FACT,0002228F,FNAM,Associate,준회원,eca480ed9a8cec9b9000,FightersGuild,0
Oblivion.esm,FACT,0002228F,MNAM,Apprentice,도제,eb8f84eca09c00,FightersGuild,1
Oblivion.esm,FACT,0002228F,FNAM,Apprentice,도제,eb8f84eca09c00,FightersGuild,1
Oblivion.esm,FACT,0002228F,MNAM,Journeyman,기능사,eab8b0eb8aa5ec82ac00,FightersGuild,2
Oblivion.esm,FACT,0002228F,FNAM,Journeyman,기능사,eab8b0eb8aa5ec82ac00,FightersGuild,2
Oblivion.esm,FACT,0002228F,MNAM,Swordsman,검사,eab280ec82ac00,FightersGuild,3
Oblivion.esm,FACT,0002228F,FNAM,Swordsman,검사,eab280ec82ac00,FightersGuild,3
Oblivion.esm,FACT,0002228F,MNAM,Protector,보호자,ebb3b4ed98b8ec9e9000,FightersGuild,4
Oblivion.esm,FACT,0002228F,FNAM,Protector,보호자,ebb3b4ed98b8ec9e9000,FightersGuild,4
Oblivion.esm,FACT,0002228F,MNAM,Defender,디펜더,eb9494ed8e9ceb8d9400,FightersGuild,5
Oblivion.esm,FACT,0002228F,FNAM,Defender,디펜더,eb9494ed8e9ceb8d9400,FightersGuild,5
Oblivion.esm,FACT,0002228F,MNAM,Warder,워더,ec9b8ceb8d9400,FightersGuild,6
Oblivion.esm,FACT,0002228F,FNAM,Warder,워더,ec9b8ceb8d9400,FightersGuild,6
Oblivion.esm,FACT,0002228F,MNAM,Guardian,가디언,eab080eb9494ec96b800,FightersGuild,7
Oblivion.esm,FACT,0002228F,FNAM,Guardian,가디언,eab080eb9494ec96b800,FightersGuild,7
Oblivion.esm,FACT,0002228F,MNAM,Master,마스터,eba788ec8aa4ed84b000,FightersGuild,9
Oblivion.esm,FACT,0002228F,FNAM,Master,마스터,eba788ec8aa4ed84b000,FightersGuild,9
Knights.esp,FACT,01000CEE,MNAM,Knight Errant,방랑 기사,ebb0a9eb9e9120eab8b0ec82ac00,NDKnightsoftheNine,0
Knights.esp,FACT,01000CEE,FNAM,Knight Errant,방랑 기사,ebb0a9eb9e9120eab8b0ec82ac00,NDKnightsoftheNine,0
Knights.esp,FACT,01000CEE,MNAM,Knight Commander,기사단장,eab8b0ec82aceb8ba8ec9ea500,NDKnightsoftheNine,1
Knights.esp,FACT,01000CEE,FNAM,Knight Commander,기사단장,eab8b0ec82aceb8ba8ec9ea500,NDKnightsoftheNine,1
Knights.esp,FACT,01000CEE,MNAM,Divine Crusader,신성한 성전사,ec8ba0ec84b1ed959c20ec84b1eca084ec82ac00,NDKnightsoftheNine,2
Knights.esp,FACT,01000CEE,FNAM,Divine Crusader,신성한 성전사,ec8ba0ec84b1ed959c20ec84b1eca084ec82ac00,NDKnightsoftheNine,2
Oblivion.esm,QUST,00081DD5,CNAM,"A resident of Split has told me I should speak to Horkvir Bear-Arm to help solve the problem of all the doubles in this town. There are two Horkvir Bear-Arms in town, so I can speak to either one.",스플릿의 한 주민이 이 마을에 똑같은 사람이 둘씩 생기는 문제를 해결하려면 호크비르 베어-암과 이야기해 보라고 했다. 마을에는 호크비르 베어-암이 두 명 있으니 어느 쪽과 이야기해도 될 것이다.,ec8aa4ed948ceba6bfec9d9820ed959c20eca3bcebafbcec9db420ec9db420eba788ec9d84ec979020eb9891eab099ec9d8020ec82aceb9e8cec9db420eb9198ec94a920ec839deab8b0eb8a9420ebacb8eca09ceba5bc20ed95b4eab2b0ed9598eba0a4eba9b420ed98b8ed81acebb984eba5b420ebb2a0ec96b42dec9594eab3bc20ec9db4ec95bceab8b0ed95b420ebb3b4eb9dbceab3a020ed9688eb8ba42e20eba788ec9d84ec9790eb8a9420ed98b8ed81acebb984eba5b420ebb2a0ec96b42dec9594ec9db420eb919020ebaa8520ec9e88ec9cbceb8b8820ec96b4eb8a9020ecaabdeab3bc20ec9db4ec95bceab8b0ed95b4eb8f8420eb90a020eab283ec9db4eb8ba42e00,SE46,0
Oblivion.esm,QUST,00078513,CNAM,"Because Bolwing is dead, I have no way to get more information about the Fork of Horripilation. Maybe I'll get lucky and find it during my travels in the Shivering Isles. Sadly, that is the best the I can hope for now.",볼윙이 죽어서 소름 돋는 포크에 대한 정보를 더 얻을 방법이 없어졌다. 쉬버링 아일즈를 돌아다니다 운 좋게 발견하기를 바랄 수밖에 없다. 안타깝지만 지금으로서는 그게 최선이다.,ebb3bcec9c99ec9db420eca3bdec96b4ec849c20ec868ceba68420eb8f8beb8a9420ed8faced81acec979020eb8c80ed959c20eca095ebb3b4eba5bc20eb8d9420ec96bbec9d8420ebb0a9ebb295ec9db420ec9786ec96b4eca18ceb8ba42e20ec89acebb284eba78120ec9584ec9dbceca688eba5bc20eb8f8cec9584eb8ba4eb8b88eb8ba420ec9ab420eca28beab28c20ebb09ceab2aced9598eab8b0eba5bc20ebb094eb9e8420ec8898ebb096ec979020ec9786eb8ba42e20ec9588ed8380eab99deca780eba78c20eca780eab888ec9cbceba19cec849ceb8a9420eab7b8eab28c20ecb59cec84a0ec9db4eb8ba42e00,SE45,0
Oblivion.esm,INFO,0003E452,NAM1,I am eager to peruse your haul.,그쪽 전리품을 살펴보고 싶구만.,eab7b8ecaabd20eca084eba6aced9288ec9d8420ec82b4ed8eb4ebb3b4eab3a020ec8bb6eab5aceba78c2e00,,0
Oblivion.esm,INFO,0003E453,NAM1,You always bring in good business.,그쪽 물건은 항상 만족스러운데!,eab7b8ecaabd20ebacbceab1b4ec9d8020ed95adec838120eba78ceca1b1ec8aa4eb9facec9ab4eb8db02100,,0
Oblivion.esm,INFO,0003D077,NAM1,Shh! Keep it down. This isn't exactly legal.,쉿! 조용히 해. 어디 가서 떠벌릴만큼 떳떳한 거래는 아니라고.,ec89bf2120eca1b0ec9aa9ed9e8820ed95b42e20ec96b4eb949420eab080ec849c20eb96a0ebb28ceba6b4eba78ced81bc20eb96b3eb96b3ed959c20eab1b0eb9e98eb8a9420ec9584eb8b88eb9dbceab3a02e00,,0
Oblivion.esm,INFO,0003E454,NAM1,You are one hot customer!,물건 한 번 죽여주는데?,ebacbceab1b420ed959c20ebb28820eca3bdec97aceca3bceb8a94eb8db03f00,,0
Oblivion.esm,INFO,0003D076,NAM1,So what's hot today?,오늘은 뭘 많이 털어왔지?,ec98a4eb8a98ec9d8020ebad9820eba78eec9db420ed84b8ec96b4ec9994eca7803f00,,0
Oblivion.esm,INFO,0003E456,NAM1,My favorite customer! Whaddrya got?,"아, 내 소중한 손님! 끌리는 게 있는지 좀 볼까?",ec95842c20eb82b420ec868ceca491ed959c20ec8690eb8b982120eb818ceba6aceb8a9420eab28c20ec9e88eb8a94eca78020eca28020ebb3bceab98c3f00,,0
Oblivion.esm,INFO,0003D074,NAM1,You got some hot property?,귀중한 건 좀 찾았나?,eab780eca491ed959c20eab1b420eca28020ecb0beec9598eb82983f00,,0
Oblivion.esm,INFO,000091D2,NAM1,Another satisfied customer.,또 다른 고객 만족.,eb989020eb8ba4eba5b820eab3a0eab09d20eba78ceca1b12e00,,0
Oblivion.esm,INFO,000091E5,NAM1,Come back and see me again.,언제든 다시 오세요.,ec96b8eca09ceb93a020eb8ba4ec8b9c20ec98a4ec84b8ec9a942e00,,0
Oblivion.esm,INFO,000091E8,NAM1,Thank you. Come again.,고맙습니다. 또 오세요.,eab3a0eba799ec8ab5eb8b88eb8ba42e20eb989020ec98a4ec84b8ec9a942e00,,0
Oblivion.esm,INFO,000091E9,NAM1,Tell your friends about me!,친구들한테 홍보 좀 해주세요!,ecb99ceab5aceb93a4ed959ced858c20ed998debb3b420eca28020ed95b4eca3bcec84b8ec9a942100,,0
Oblivion.esm,INFO,000091EA,NAM1,A pleasure to serve you.,도움이 되어 기쁩니다.,eb8f84ec9b80ec9db420eb9098ec96b420eab8b0ec81a9eb8b88eb8ba42e00,,0
Oblivion.esm,INFO,0000921D,NAM1,Thank you for your business.,이용해 주셔서 감사합니다.,ec9db4ec9aa9ed95b420eca3bcec8594ec849c20eab090ec82aced95a9eb8b88eb8ba42e00,,0
Oblivion.esm,NPC_,000908B2,FULL,Black Bow Bandit,검은 활 도적,eab280ec9d8020ed999c20eb8f84eca08100,BanditBlackBowMale1,0
Oblivion.esm,DOOR,000282AF,FULL,Wooden Gate,나무 문,eb8298ebacb420ebacb800,RF1xDoorLeft,0
