gmst,exe_english,korean,encoded_hex,source
sAddIngredient,Add Ingredient,재료추가,b88ac385c986b08000,legacy_original_korean_patch
sAnimationCanNotEquipArmor,You cannot change armor while attacking.,공격 중엔 장비를 변경할 수 없습니다.,c0a408d0a30120c8a608d7ab0220d8a008b589c3a80420d5a302d0a308dda00420c68620d7a21fc6a806b189b2802e00,legacy_original_korean_patch
sAttributeDamaged,has been damaged,는(은) 데미지를 받았습니다.,c1a80228c7a8022920b28bb489b889c3a80420d5a003d7a014c6a806b189b2802e00,legacy_original_korean_patch
sAttributeDrained,is being drained,이(가) 감소되고 있습니다.,b78928b0802920d0a005c684d295c08420d7a914c6a806b189b2802e00,legacy_original_korean_patch
sAutoLoading,Autoloading...,자동 로딩...,b880c2a40820c384d2a9082e2e2e00,legacy_original_korean_patch
sAutoSaving,Autosaving...,자동 저장...,b880c2a40820b882d8a0082e2e2e00,legacy_original_korean_patch
sBeardcheeks,Beard cheeks light/dark,볼쪽 수염의 진하기,c5a404f5a40120c686d7a305d79820d8a902bd80b08900,legacy_original_korean_patch
sBeardcircle,Beard circle light/dark,턱수염 궤도의 진하기,dba201c686d7a30520d08fc284d79820d8a902bd80b08900,legacy_original_korean_patch
sBeardflushed,Beard flushed/pale,턱수염의 창백함,dba201c686d7a305d79820d9a008d5aa01dda00500,legacy_original_korean_patch
sBeardgoatee,Beard goatee light/dark,턱밑 수염의 진하기,dba201d4a91020c686d7a305d79820d8a902bd80b08900,legacy_original_korean_patch
sBeardlight,Beard light/dark,턱수염의 진하기,dba201c686d7a305d79820d8a902bd80b08900,legacy_original_korean_patch
sBeardmoustache,Beard moustache light/dark,콧수염의 진하기,caa407c686d7a305d79820d8a902bd80b08900,legacy_original_korean_patch
sBladeOneHand,Blade - One Hand,한손 검,dda002c6a40220d0a20500,legacy_original_korean_patch
sBladeTwoHand,Blade - Two Hand,양손 검,d7a108c6a40220d0a20500,legacy_original_korean_patch
sBlue,Blue,청색,d9a208d6aa0100,legacy_original_korean_patch
sBluntOneHand,Blunt - One Hand,한손 둔기,dda002c6a40220c2a602b08900,legacy_original_korean_patch
sBluntTwoHand,Blunt - Two Hand,양손 둔기,d7a108c6a40220c2a602b08900,legacy_original_korean_patch
sBrow,Brow,눈살,c1a602d6a00400,legacy_original_korean_patch
sBrowRidge,Brow Ridge high/low,눈살 높/낮이,c1a602d6a00420c1a4112fd1a00cb78900,legacy_original_korean_patch
sBrowRidgeInner,Brow Ridge Inner up/down,눈살 안쪽의 높/낮이,c1a602d6a00420d7a002f5a401d79820c1a4112fd1a00cb78900,legacy_original_korean_patch
sBrowRidgeOuter,Brow Ridge Outer up/down,눈살 바깥쪽의 높/낮이,c1a602d6a00420b580dea010f5a401d79820c1a4112fd1a00cb78900,legacy_original_korean_patch
sButton,Button,버튼,b582cba80200,legacy_original_korean_patch
sCanNotSummonInWater,Can't summon while in water,물속에서는 소환할 수 없습니다.,c4a604c6a401b78bb682c1a80220c684ed9902dda00420c68620d7a21fc6a806b189b2802e00,legacy_original_korean_patch
sCantChangeResolution,You must close your current game to change resolutions.,게임 종료 후 해상도 변경이 가능합니다.,b08bd7a90520c8a408c38520cd8620bd8ad6a008c28420d5a302d0a308b78920b080c1a808dda006b189b2802e00,legacy_original_korean_patch
sCantEquipBrokenItem,Broken items cannot be equipped until they have been repaired.,파손된 아이템은 수리한 후 장비할 수 있습니다.,bc80c6a402e29a0220b780b789dbab05c7a80220c686b389dda00220cd8620d8a008b589dda00420c68620d7a914c6a806b189b2802e00,legacy_original_korean_patch
sCantEquipGeneric,You cannot equip this item.,이 아이템은 장비할 수 없습니다.,b78920b780b789dbab05c7a80220d8a008b589dda00420c68620d7a21fc6a806b189b2802e00,legacy_original_korean_patch
sCantQuickLoad,You can't Quickload while the game is paused.,게임이 일시 정지된 상태에서 빠른 로드 할 수 없습니다.,b08bd7a905b78920d7a904b68920d8a208b889e29a0220d6a008bb8ab78bb68220f080c3a80220c384c28820dda00420c68620d7a21fc6a806b189b2802e00,legacy_original_korean_patch
sCantQuickSave,You can't Quicksave while the game is paused.,게임이 일시 정지된 상태에서 빠른 저장 할 수 없습니다.,b08bd7a905b78920d7a904b68920d8a208b889e29a0220d6a008bb8ab78bb68220f080c3a80220b882d8a00820dda00420c68620d7a21fc6a806b189b2802e00,legacy_original_korean_patch
sCantRemoveWornItem,Unable to remove the worn item.,낡은 아이템을 제거할 수 없습니다.,d1a018c7a80220b780b789dbab05c7a80420b88bb082dda00420c68620d7a21fc6a806b189b2802e00,legacy_original_korean_patch
sCantSaveNow,You cannot save right now.,지금은 저장할 수 없습니다.,b889c0a805c7a80220b882d8a008dda00420c68620d7a21fc6a806b189b2802e00,legacy_original_korean_patch
sCheekblush,Cheek blush light/red,홍조의 밝기,cda408c884d79820d5a018b08900,legacy_original_korean_patch
sCheekboneslow,Cheekbones low/high,광대뼈의 높/낮이,e09908b28af083d79820c1a4112fd1a00cb78900,legacy_original_korean_patch
sCheekbonesshallow,Cheekbones shallow/pronounced,광대뼈의 튀어나온 정도,e09908b28af083d79820db97b782b180c7a40220d8a208c28400,legacy_original_korean_patch
sCheekbonesthin,Cheekbones thin/wide,광대뼈의 가늘기,e09908b28af083d79820b080c1a804b08900,legacy_original_korean_patch
sCheeks,Cheeks,뺨,f6a10500,legacy_original_korean_patch
sCheeksconcave,Cheeks concave/convex,뺨의 볼록한 정도,f6a105d79820c5a404c3a401dda00220d8a208c28400,legacy_original_korean_patch
sCheeksround,Cheeks round/gaunt,뺨의 둥근 정도,f6a105d79820c2a608c0a80220d8a208c28400,legacy_original_korean_patch
sChin,Chin,턱끝,dba201cea81000,legacy_original_korean_patch
sChinforward,Chin forward/backward,턱끝의 앞으로 나온 정도,dba201cea810d79820d7a011c788c38420b180c7a40220d8a208c28400,legacy_original_korean_patch
sChinpronounced,Chin pronounced/recessed,턱끝의 돌출 정도,dba201cea810d79820c2a404c9a60420d8a208c28400,legacy_original_korean_patch
sChinretracted,Chin retracted/jutting,턱끝 전체적인 돌출 정도,dba201cea81020d8a202b98bd8a201d7a90220c2a404c9a60420d8a208c28400,legacy_original_korean_patch
sChinshallow,Chin shallow/deep,턱끝의 깊은 정도,dba201cea810d79820d0a911c7a80220d8a208c28400,legacy_original_korean_patch
sChinsmall,Chin small/large,턱끝의 크기,dba201cea810d79820ca88b08900,legacy_original_korean_patch
sChintall,Chin tall/short,턱끝의 길이,dba201cea810d79820d0a904b78900,legacy_original_korean_patch
sChinwide,Chin wide/thin,턱끝의 가는 정도,dba201cea810d79820b080c1a80220d8a208c28400,legacy_original_korean_patch
sClass,class,직업을 생성하시겠습니까?,d8a901d7a206c7a80420d6aa08d6a208bd80b689d0ab14c6a806b189be803f00,legacy_original_korean_patch
sClassMenuPrompt,Enter a name for your custom class:,생성한 직업의 이름을 입력하세요:,d6aa08d6a208dda00220d8a901d7a206d79820b789c3a805c7a80420d7a906d3a301bd80b68bc7853a00,legacy_original_korean_patch
sClassSpecialization,Specialization: ,전문분야: ,d8a202c4a602c5a602b7813a2000,legacy_original_korean_patch
sColor,Hair Color,모발 색상,c484d5a00420d6aa01d6a00800,legacy_original_korean_patch
sComplexion,Complexion,안색,d7a002d6aa0100,legacy_original_korean_patch
sConfirmBirthsign1,Are you sure you want to be born under the sign of,별자리가 맞습니까? 별자리 : ,d5a304b880b389b08020d4a00cc6a806b189be803f20d5a304b880b389203a2000,legacy_original_korean_patch
sConfirmBuySpell,Are you sure you want to buy,구입하시겠습니까,c086d7a906bd80b689d0ab14c6a806b189be8000,legacy_original_korean_patch
sConfirmChoice1,Are you sure you want to be a,이 선택을 확정하시겠습니까? 선택 항목: ,b78920d6a202dbaa01c7a80420ed9901d8a208bd80b689d0ab14c6a806b189be803f20d6a202dbaa0120dda008c4a4013a2000,legacy_original_korean_patch
sConfirmChoice2,Are you sure you want to be an,이 선택을 확정하시겠습니까? 선택 항목: ,b78920d6a202dbaa01c7a80420ed9901d8a208bd80b689d0ab14c6a806b189be803f20d6a202dbaa0120dda008c4a4013a2000,legacy_original_korean_patch
sConfirmRecharge,Recharge this item for,이 아이템을 충전하는데 ,b78920b780b789dbab05c7a80420c9a608d8a202bd80c1a802b28b2000,legacy_original_korean_patch
sConfirmRepair,Repair this item for,선택한 아이템의 수리비용 : ,d6a202dbaa01dda00220b780b789dbab05d79820c686b389b589c7a508203a2000,legacy_original_korean_patch
sConfirmRepairAll,Repair all items for,모든 아이템의 수리비용 : ,c484c2a80220b780b789dbab05d79820c686b389b589c7a508203a2000,legacy_original_korean_patch
sContinue,Continue,계속,b08dc6a40100,legacy_original_korean_patch
sContinueLastSave,Continue from your last saved game?,마지막으로 저장된 게임을 이어서 하시겠습니까?,b480b889d4a001c788c38420b882d8a008e29a0220b08bd7a905c7a80420b789b782b68220bd80b689d0ab14c6a806b189be803f00,legacy_original_korean_patch
sContractedDisease,You have contracted,내가 감염된 것은,b18ab08020d0a005d7a305e29a0220d0a207c7a80200,legacy_original_korean_patch
sCrimeTypeStealHorse,Steal Horse,말 훔치기,d4a00420cda605b989b08900,legacy_original_korean_patch
sCurrentSoul,Current Soul Level,현재 소울 레벨 ,dda302b88a20c684c7a60420b38bd5ab042000,legacy_original_korean_patch
sDayFredas,Fredas,금요일,c0a805c785d7a90400,legacy_original_korean_patch
sDayLoredas,Loredas,토요일,cb84c785d7a90400,legacy_original_korean_patch
sDayMiddas,Middas,수요일,c686c785d7a90400,legacy_original_korean_patch
sDayMorndas,Morndas,월요일,e79b04c785d7a90400,legacy_original_korean_patch
sDaySundas,Sundas,일요일,d7a904c785d7a90400,legacy_original_korean_patch
sDayTirdas,Tirdas,화요일,dd90c785d7a90400,legacy_original_korean_patch
sDayTurdas,Turdas,목요일,c4a401c785d7a90400,legacy_original_korean_patch
sDeleteSaveGame,Are you sure you want to delete this save game?,선택하신 저장내용을 지우시겠습니까?,d6a202dbaa01bd80d6a90220b882d8a008b18ac7a508c7a80420b889c786b689d0ab14c6a806b189be803f00,legacy_original_korean_patch
sDeleteSuccessful,Save game deleted.,저장 파일을 삭제했습니다.,b882d8a00820bc80d7a904c7a80420d6a001b88bddaa14c6a806b189b2802e00,legacy_original_korean_patch
sDeviceJoystick,Joystick,조이스틱,c884b789c688dba90100,legacy_original_korean_patch
sDeviceKeyboard,Keyboard,키보드,ba89c584c28800,legacy_original_korean_patch
sDeviceMouse,Mouse,마우스,b480c786c68800,legacy_original_korean_patch
sDone,Done,확인,ed9901d7a90200,legacy_original_korean_patch
sDropQuestItemWarning,You cannot remove Quest Items from your Inventory.,인벤토리에서 퀘스트 아이템을 제거할 수 없습니다.,d7a902d5ab02cb84b389b78bb68220da8fc688cb8820b780b789dbab05c7a80420b88bb082dda00420c68620d7a21fc6a806b189b2802e00,legacy_original_korean_patch
sDuplicateName,A spell with this name already exists.,같은 이름의 스펠이 존재하고 있습니다.,d0a010c7a80220b789c3a805d79820c688dcab04b78920c8a402b88abd80c08420d7a914c6a806b189b2802e00,legacy_original_korean_patch
sEnterName,Enter character name.,당신의 이름을 입력하세요.,d2a008d6a902d79820b789c3a805c7a80420d7a906d3a301bd80b68bc7852e00,legacy_original_korean_patch
sEquipItemOnPlayer,was equipped on the player,이 플레이어에게 착용되었습니다,b78920cca804b38bb789b782b78bb08b20d9a001c7a508d295d7a214c6a806b189b28000,legacy_original_korean_patch
sEyebrows,Eyebrows,눈썹,c1a602f7a20600,legacy_original_korean_patch
sEyebrowsdark,Eyebrows dark/light,눈썹의 밝기,c1a602f7a206d79820d5a018b08900,legacy_original_korean_patch
sEyebrowslow,Eyebrows low/high,눈썹의 높낮이,c1a602f7a206d79820c1a411d1a00cb78900,legacy_original_korean_patch
sEyebrowslower,Eyebrows lower light/dark,눈썹 아래 밝기,c1a602f7a20620b780b38a20d5a018b08900,legacy_original_korean_patch
sEyebrowsouter,Eyebrows outer light/dark,눈썹 바깥쪽 밝기,c1a602f7a20620b580dea010f5a40120d5a018b08900,legacy_original_korean_patch
sEyebrowsthick,Eyebrows thick/thin,눈썹 두께1,c1a602f7a20620c286be8b3100,legacy_original_korean_patch
sEyebrowsuppert,Eyebrows upper dark/light,눈썹 위 밝기,c1a602f7a20620d79720d5a018b08900,legacy_original_korean_patch
sEyebrowsvery,Eyebrows very thin/thick,눈썹 두께2,c1a602f7a20620c286be8b3200,legacy_original_korean_patch
sEyelidslight,Eyelids light/dark,눈꺼풀의 밝기,c1a602be82cca604d79820d5a018b08900,legacy_original_korean_patch
sEyelidspale,Eyelids pale/red,눈꺼풀의 붉은 정도,c1a602be82cca604d79820c5a618c7a80220d8a208c28400,legacy_original_korean_patch
sEyeliner,Eyeliner light/dark,아이라인의 밝기,b780b789b380d7a902d79820d5a018b08900,legacy_original_korean_patch
sEyesdown,Eyes down/up,눈의 높/낮이,c1a602d79820c1a4112fd1a00cb78900,legacy_original_korean_patch
sEyeshadow,Eyeshadow light/dark,눈 그늘의 밝기,c1a60220c088c1a804d79820d5a018b08900,legacy_original_korean_patch
sEyesocketsbruised,Eye sockets bruised/bright,눈 아래 색,c1a60220b780b38a20d6aa0100,legacy_original_korean_patch
sEyesocketsdark,Eye sockets dark/light,눈 주위 색,c1a60220c886d79720d6aa0100,legacy_original_korean_patch
sEyessmall,Eyes small/large,눈 크기,c1a60220ca88b08900,legacy_original_korean_patch
sEyestilt,Eyes tilt inward/outward,눈 경사 정도,c1a60220d0a308b68020d8a208c28400,legacy_original_korean_patch
sEyestogether,Eyes together/apart,눈의 모여짐 정도,c1a602d79820c484b783d8a90520d8a208c28400,legacy_original_korean_patch
sFacebrow,Face brow/nose/chin ratio,얼굴과 눈썹/코/턱끝 비율,d7a204c0a604d09020c1a602f7a2062fca842fdba201cea81020b589c7a70400,legacy_original_korean_patch
sFaceforehead,Face forehead/sellion/nose ratio,얼굴과 이마/셀리온/코 비율,d7a204c0a604d09020b789b4802fd6ab04b389c7a4022fca8420b589c7a70400,legacy_original_korean_patch
sFaceheavy,Face heavy/light,얼굴 무게,d7a204c0a60420c486b08b00,legacy_original_korean_patch
sFaceround,Face round/gaunt,얼굴 둥근정도,d7a204c0a60420c2a608c0a802d8a208c28400,legacy_original_korean_patch
sFacethin,Face thin/wide,얼굴 가는정도,d7a204c0a60420b080c1a802d8a208c28400,legacy_original_korean_patch
sFastTravelHorseatGate,Your horse is stabled outside the city gate.,당신의 말은 마을입구 밖에 있습니다. ,d2a008d6a902d79820d4a004c7a80220b480c7a804d7a906c08620d5a013b78b20d7a914c6a806b189b2802e2000,legacy_original_korean_patch
sFastTravelNoTravelHealthDamage,You can't fast travel while taking health damage,건강에 이상이 있을 때에는 패스트 트레블을 할 수 없습니다.,d0a202d0a008b78b20b789d6a008b78920d7a914c7a80420bf8ab78bc1a80220bc8ac688cb8820cb88b38bc5a804c7a80420dda00420c68620d7a21fc6a806b189b2802e00,legacy_original_korean_patch
sFilter,Filter,걸러 보기,d0a204b38220c584b08900,legacy_original_korean_patch
sFloraFailureMessage,You find nothing of use.,소득 없음.,c684c2a80120d7a21fc7a8052e00,legacy_original_korean_patch
sFloraSuccessMessage,You successfully harvest %s.,수확: %s.,c686ed99013a2025732e00,legacy_original_korean_patch
sForehead,Forehead,이마,b789b48000,legacy_original_korean_patch
sForeheadsmall,Forehead small/large,이마의 크기,b789b480d79820ca88b08900,legacy_original_korean_patch
sForeheadtall,Forehead tall/short,이마의 길이,b789b480d79820d0a904b78900,legacy_original_korean_patch
sForeheadtilt,Forehead tilt forward/back,이마 기울기,b789b48020b089c7a604b08900,legacy_original_korean_patch
sGetAllConfiscatedItems,You get all the items that were confiscated by the Guards.,간수들에게 몰수당한 아이템을 모두 얻었습니다.,d0a002c686c2a804b78bb08b20c4a404c686d2a008dda00220b780b789dbab05c7a80420c484c28620d7a203d7a214c6a806b189b2802e00,legacy_original_korean_patch
sGold,gold,골드,c0a404c28800,legacy_original_korean_patch
sGoverningAttribute,Governing Attribute: ,관련 능력: ,e09902d3a30220c1a808d3a3013a2000,legacy_original_korean_patch
sGreen,Green,녹색,c1a401d6aa0100,legacy_original_korean_patch
sJaw,Jaw,턱,dba20100,legacy_original_korean_patch
sJawNeck,Jaw-Neck slope high/low,턱과 목사이 경사 높/낮이,dba201d09020c4a401b680b78920d0a308b68020c1a4112fd1a00cb78900,legacy_original_korean_patch
sJawline,Jawline concave/convex,턱선의 오목한 정도,dba201d6a202d79820c784c4a401dda00220d8a208c28400,legacy_original_korean_patch
sJawretracted,Jaw retracted/jutting,턱의 돌출 정도,dba201d79820c2a404c9a60420d8a208c28400,legacy_original_korean_patch
sJawwide,Jaw wide/thin,턱의 가는 정도,dba201d79820b080c1a80220d8a208c28400,legacy_original_korean_patch
sJournalTitleActive,Active Quest,진행중인 퀘스트 ,d8a902ddaa08c8a608d7a90220da8fc688cb882000,legacy_original_korean_patch
sJournalTitleCompleted,Completed Quests,완료한 퀘스트,e79902c385dda00220da8fc688cb8800,legacy_original_korean_patch
sJournalTitleCurrent,Current Quests,현재 진행중인 퀘스트,dda302b88a20d8a902ddaa08c8a608d7a90220da8fc688cb8800,legacy_original_korean_patch
sLength,Length,길이,d0a904b78900,legacy_original_korean_patch
sLevelUp10,You woke today with a new sense of purpose. You're no longer afraid of failure. Failure is just an opportunity to learn something new.,오늘 새로운 결의로 깨어났습니다. 더 이상 실패를 두려워 마십시오. 실패란 단지 새로운 것을 배울 좋은 기회일 뿐입니다.,c784c1a80420b68ac384c7a60220d0a304d798c38420be8ab782d1a014c6a806b189b2802e20b28220b789d6a00820d6a904bc8ac3a80420c286b383d79620b480d6a906b689c7842e20d6a904bc8ad3a00220d2a002b88920b68ac384c7a60220d0a207c7a80420b58ac7a60420c8a412c7a80220b089dd95d7a90420f3a602d7a906b189b2802e00,legacy_original_korean_patch
sLevelUp2,"You realize that all your life you have been coasting along as if you were in a dream. Suddenly, facing the trials of the last few days, you have come alive.","지금까지의 인생은 꿈속에서 살아 온 것 같다. 지난 몇 일간의 테스트에서 생생하게 살아왔고, 나는 살아있다. ",b889c0a805be80b889d79820d7a902d6aa08c7a80220cea605c6a401b78bb68220d6a004b78020c7a40220d0a20720d0a010b2802e20b889d1a00220d4a30e20d7a904d0a002d79820bb8bc688cb88b78bb68220d6aa08d6aa08bd80b08b20d6a004b780e79914c0842c20b180c1a80220d6a004b780d7a914b2802e2000,legacy_original_korean_patch
sLevelUp7,You resolve to continue pushing yourself. Perhaps there's more to you than you thought.,자신의 한계에 도전하고 있습니다. 당신은 자신이 생각했던 이상의 힘이 있는지도 모릅니다. ,b880d6a902d79820dda002b08db78b20c284d8a202bd80c08420d7a914c6a806b189b2802e20d2a008d6a902c7a80220b880d6a902b78920d6aa08d0a001ddaa14d2a20220b789d6a008d79820dda905b78920d7a914c1a802b889c28420c484c3a806b189b2802e2000,legacy_original_korean_patch
sLevelUp9,"So that's how it works. You plod along, putting one foot before the other, look up, and suddenly, there you are. Right where you wanted to be all along.",이렇게 된 것입니다. 단계적으로 진행하고 정상을 보고 한걸음씩 계속 걸어... 마침내 갑자기 희망하고 있던 위치에 서 있는 것입니다. ,b789d3a212b08b20e29a0220d0a207d7a906b189b2802e20d2a002b08dd8a201c788c38420d8a902ddaa08bd80c08420d8a208d6a008c7a80420c584c08420dda002d0a204c7a805f7a90120b08dc6a40120d0a204b7822e2e2e20b480d9a905b18a20d0a006b880b08920dd98d4a008bd80c08420d7a914d2a20220d797b989b78b20b68220d7a914c1a80220d0a207d7a906b189b2802e2000,legacy_original_korean_patch
sLips,Lips,입술,d7a906c6a60400,legacy_original_korean_patch
sLipsflushed,Lips flushed/pale,입술의 붉은정도,d7a906c6a604d79820c5a618c7a802d8a208c28400,legacy_original_korean_patch
sLipstickdarkblue,Lipstick dark blue/light red,립스틱 어두운 청색/밝은 적색,d3a906c688dba90120b782c286c7a60220d9a208d6aa012fd5a018c7a80220d8a201d6aa0100,legacy_original_korean_patch
sLipstickdarkred,Lipstick dark red/light blue,립스틱 밝은 청색/어두운 적색,d3a906c688dba90120d5a018c7a80220d9a208d6aa012fb782c286c7a60220d8a201d6aa0100,legacy_original_korean_patch
sLoadFromMainMenu,Are you sure you want to load this game?,선택한 게임을 불러오시겠습니까?,d6a202dbaa01dda00220b08bd7a905c7a80420c5a604b382c784b689d0ab14c6a806b189be803f00,legacy_original_korean_patch
sLockLevelNameAverage,Average,보통,c584cba40800,legacy_original_korean_patch
sLockLevelNameEasy,Easy,쉬운,d697c7a60200,legacy_original_korean_patch
sLockLevelNameHard,Hard,어려운,b782b383c7a60200,legacy_original_korean_patch
sLockLevelNameVeryEasy,Very Easy,매우 쉬운,b48ac78620d697c7a60200,legacy_original_korean_patch
sLockLevelNameVeryHard,Very Hard,매우 어려운,b48ac78620b782b383c7a60200,legacy_original_korean_patch
sLockedContainer,Container is locked.  You need the key or a lockpick.,잠김. 열쇠나 락픽이 필요함.,d8a005d0a9052e20d7a304d695b18020d3a001dca901b78920dca904c785dda0052e00,legacy_original_korean_patch
sMagicCastInsufficientSkill,Your Skill level is too low,스킬 수준이 낮습니다.,c688daa90420c686c8a602b78920d1a00cc6a806b189b2802e00,legacy_original_korean_patch
sMagicCastMultipleBoundEffects,You already have that kind of Bound Item,현재 바운드 아이템 사용 중입니다.,dda302b88a20b580c7a602c28820b780b789dbab0520b680c7a50820c8a608d7a906b189b2802e00,legacy_original_korean_patch
sMagicCastPowerUsed,You can only cast Powers once per day,하루에 한번만 시전할 수 있습니다.,bd80c386b78b20dda002d5a202d4a00220b689d8a202dda00420c68620d7a914c6a806b189b2802e00,legacy_original_korean_patch
sMagicCastRangedUnderwater,You cannot cast ranged spells underwater,물속에서는 시전할 수 없습니다.,c4a604c6a401b78bb682c1a80220b689d8a202dda00420c68620d7a21fc6a806b189b2802e00,legacy_original_korean_patch
sMagicCastSilenced,You are currently Silenced,지금은 마법을 사용할 수 없습니다.,b889c0a805c7a80220b480d5a206c7a80420b680c7a508dda00420c68620d7a21fc6a806b189b2802e00,legacy_original_korean_patch
sMagicCostliestEffectRequires,Requires ,요구사항: ,c785c086b680dda0083a2000,legacy_original_korean_patch
sMagicCostliestEffectSkillOf, Skill of , 스킬 ,20c688daa9042000,legacy_original_korean_patch
sMagicEffectItemAbsorb,Absorb,흡수:,cda806c6863a00,legacy_original_korean_patch
sMagicEffectItemDamage,Damage,손상:,c6a402d6a0083a00,legacy_original_korean_patch
sMagicEffectItemDrain,Drain,감소:,d0a005c6843a00,legacy_original_korean_patch
sMagicEffectItemFeet,ft,피트,bc89cb8800,legacy_original_korean_patch
sMagicEffectItemFortify,Fortify,강화:,d0a008dd903a00,legacy_original_korean_patch
sMagicEffectItemLock,Lock,자물쇠,b880c4a604d69500,legacy_original_korean_patch
sMagicEffectItemPointsPlural,pts,점,d8a20500,legacy_original_korean_patch
sMagicEffectItemPointsSingular,pt,점,d8a20500,legacy_original_korean_patch
sMagicEffectItemRestore,Restore,회복:,dd95c5a4013a00,legacy_original_korean_patch
sMagicEffectItemSecondsPlural,secs,초,c98400,legacy_original_korean_patch
sMagicEffectItemSecondsSingular,sec,초,c98400,legacy_original_korean_patch
sMagicEffectItemUpToLevel,up to level,상승: 레벨,d6a008c6a8083a20b38bd5ab0400,legacy_original_korean_patch
sMagicEffectResisted,effect resisted,효과가 저지되었습니다,cd85d090b08020b882b889d295d7a214c6a806b189b28000,legacy_original_korean_patch
sMagicRangeSelf,Self,셀프,d6ab04cc8800,legacy_original_korean_patch
sMagicRangeTouch,Touch,터치,bb82b98900,legacy_original_korean_patch
sMagicSchool,Magic School,마법 학교,b480d5a20620dda001c08500,legacy_original_korean_patch
sMagicSchoolAlteration,Alteration,변이마법,d5a302b789b480d5a20600,legacy_original_korean_patch
sMagicSchoolConjuration,Conjuration,소환마법,c684ed9902b480d5a20600,legacy_original_korean_patch
sMagicSchoolDestruction,Destruction,파괴마법,bc80d095b480d5a20600,legacy_original_korean_patch
sMagicSchoolIllusion,Illusion,환영마법,ed9902d7a308b480d5a20600,legacy_original_korean_patch
sMagicSchoolMysticism,Mysticism,신비마법,d6a902b589b480d5a20600,legacy_original_korean_patch
sMagicSchoolRestoration,Restoration,회복마법,dd95c5a401b480d5a20600,legacy_original_korean_patch
sMagicTypeAbility,Ability,효과,cd85d09000,legacy_original_korean_patch
sMagicTypeDisease,Disease,질병,d8a904d5a30800,legacy_original_korean_patch
sMapMarkerAdded,Map marker added.,지도 표시가 추가되었습니다.,b889c28420cc85b689b08020c986b080d295d7a214c6a806b189b2802e00,legacy_original_korean_patch
sMapMarkerNotFound,You have not found this location yet.,이 장소는 아직 찾지 못 했습니다.,b78920d8a008c684c1a80220b780d8a90120d9a00cb88920c4a40720ddaa14c6a806b189b2802e00,legacy_original_korean_patch
sMaxPotionsExceeded,You cannot drink any more potions right now.,지금은 더 이상의 약물을 먹지 못합니다.,b889c0a805c7a80220b28220b789d6a008d79820d7a101c4a604c7a80420d4a201b88920c4a407dda006b189b2802e00,legacy_original_korean_patch
sMeditate,You should rest and meditate on what you've learned.,휴식과 명상을 통해 배운 것을 습득합니다.,cd87d6a901d09020d4a308d6a008c7a80420cba408bd8a20b58ac7a60220d0a207c7a80420c6a806c2a801dda006b189b2802e00,legacy_original_korean_patch
sMenuDisplayDayString,Day,날짜,d1a004f28000,legacy_original_korean_patch
sMenuDisplayNewSave,New Save,새로운 저장내용,b68ac384c7a60220b882d8a008b18ac7a50800,legacy_original_korean_patch
sMenuDisplayNoSaves,No saved games.,저장된 게임이 없습니다.,b882d8a008e29a0220b08bd7a905b78920d7a21fc6a806b189b2802e00,legacy_original_korean_patch
sMenuDisplayPlayTime,Play Time,플레이 시간,cca804b38bb78920b689d0a00200,legacy_original_korean_patch
sMenuDisplayQuicksaveName,Quicksave,빠른 저장,f080c3a80220b882d8a00800,legacy_original_korean_patch
sMenuDisplaySave,Save,저장,b882d8a00800,legacy_original_korean_patch
sMerchantNoGold,Merchant does not have enough gold.,상인이 충분한 골드를 가지고 있지 않습니다.,d6a008d7a902b78920c9a608c5a602dda00220c0a404c288c3a80420b080b889c08420d7a914b88920d7a017c6a806b189b2802e00,legacy_original_korean_patch
sMiscActiveQuests,Active Quests: ,진행중인 퀘스트: ,d8a902ddaa08c8a608d7a90220da8fc688cb883a2000,legacy_original_korean_patch
sMiscApprenticeSkills,Apprentice Skills: ,초급자 스킬: ,c984c0a806b88020c688daa9043a2000,legacy_original_korean_patch
sMiscBounty,Bounty:,현상금:,dda302d6a008c0a8053a00,legacy_original_korean_patch
sMiscCharge,Charge,용량,c7a508d3a10800,legacy_original_korean_patch
sMiscConstantEffect,Constant Effect,지속적인 효과,b889c6a401d8a201d7a90220cd85d09000,legacy_original_korean_patch
sMiscDaysAsAVampire,Days as a Vampire: ,뱀파이어로 지낸 기간: ,d5aa05bc80b789b782c38420b889d1aa0220b089d0a0023a2000,legacy_original_korean_patch
sMiscDaysJailed,Days Jailed: ,수감 일수: ,c686d0a00520d7a904c6863a2000,legacy_original_korean_patch
sMiscDiseasesContracted,Diseases Contracted: ,감염: ,d0a005d7a3053a2000,legacy_original_korean_patch
sMiscExpertSkills,Expert Skills: ,전문가 스킬: ,d8a202c4a602b08020c688daa9043a2000,legacy_original_korean_patch
sMiscFame,Fame:,명성:,d4a308d6a2083a00,legacy_original_korean_patch
sMiscGameDaysPlayed,Days Passed:,진행한 일수:,d8a902ddaa08dda00220d7a904c6863a00,legacy_original_korean_patch
sMiscHighLockLevel,Highest Lock Level Picked: ,열었던 최고수준의 잠김 상태: ,d7a304d7a214d2a20220d995c084c686c8a602d79820d8a005d0a90520d6a008bb8a3a2000,legacy_original_korean_patch
sMiscHorsesOwned,Horses Owned: ,소유한 말: ,c684c787dda00220d4a0043a2000,legacy_original_korean_patch
sMiscHoursSlept,Hours Slept: ,잠잔 시간: ,d8a005d8a00220b689d0a0023a2000,legacy_original_korean_patch
sMiscHoursWaited,Hours Waited: ,대기한 시간: ,b28ab089dda00220b689d0a0023a2000,legacy_original_korean_patch
sMiscHousesOwned,Houses Owned: ,소유한 집: ,c684c787dda00220d8a9063a2000,legacy_original_korean_patch
sMiscInfamy,Infamy:,악명:,d7a001d4a3083a00,legacy_original_korean_patch
sMiscIngredientsEaten,Ingredients Eaten: ,섭취한 재료: ,d6a206d997dda00220b88ac3853a2000,legacy_original_korean_patch
sMiscJourneymanSkills,Journeyman Skills: ,숙련자 스킬: ,c6a601d3a302b88020c688daa9043a2000,legacy_original_korean_patch
sMiscLargestBounty,Largest Bounty: ,최대 현상금: ,d995b28a20dda302d6a008c0a8053a2000,legacy_original_korean_patch
sMiscMasterSkills,Master Skills: ,마스터 스킬: ,b480c688bb8220c688daa9043a2000,legacy_original_korean_patch
sMiscNirnrootsFound,Nirnroots Found: ,발견된 넌루트: ,d5a004d0a302e29a0220d1a202c386cb883a2000,legacy_original_korean_patch
sMiscNoviceSkills,Novice Skills: ,초보자 스킬: ,c984c584b88020c688daa9043a2000,legacy_original_korean_patch
sMiscNumAssaults,Assaults: ,습격: ,c6a806d0a3013a2000,legacy_original_korean_patch
sMiscNumBooksRead,Books Read: ,읽은 책: ,d7a918c7a80220d9aa013a2000,legacy_original_korean_patch
sMiscNumHorsesStolen,Horses Stolen: ,훔친 말: ,cda605d9a90220d4a0043a2000,legacy_original_korean_patch
sMiscNumKills,Creatures Killed: ,죽인 크리쳐: ,c8a601d7a90220ca88b389b9833a2000,legacy_original_korean_patch
sMiscNumLocksPicked,Locks Picked: ,열린 자물쇠: ,d7a304d3a90220b880c4a604d6953a2000,legacy_original_korean_patch
sMiscNumMurders,Murders: ,살인: ,d6a004d7a9023a2000,legacy_original_korean_patch
sMiscNumPersonKills,People Killed: ,죽인 인간: ,c8a601d7a90220d7a902d0a0023a2000,legacy_original_korean_patch
sMiscNumPicksBroken,Lockpicks Broken: ,부순 락픽: ,c586c6a60220d3a001dca9013a2000,legacy_original_korean_patch
sMiscNumPocketsPicked,Items Pickpocketed: ,소매치기한 아이템: ,c684b48ab989b089dda00220b780b789dbab053a2000,legacy_original_korean_patch
sMiscNumSkillBooksRead,Skill Books Read: ,읽은 스킬 책: ,d7a918c7a80220c688daa90420d9aa013a2000,legacy_original_korean_patch
sMiscNumThefts,Items Stolen: ,훔친 아이템: ,cda605d9a90220b780b789dbab053a2000,legacy_original_korean_patch
sMiscNumTrespasses,Trespasses: ,침입: ,d9a905d7a9063a2000,legacy_original_korean_patch
sMiscOblivionGatesShut,Oblivion Gates Shut: ,닫은 오블리비언 게이트: ,d2a003c7a80220c784c5a804b389b589d7a20220b08bb789cb883a2000,legacy_original_korean_patch
sMiscPlayerDeadMessage,Reload the current save game?,현재 저장된 게임을 리로드 하시겠습니까?,dda302b88a20b882d8a008e29a0220b08bd7a905c7a80420b389c384c28820bd80b689d0ab14c6a806b189be803f00,legacy_original_korean_patch
sMiscPotionsMade,Potions Made: ,포션 제조: ,cc84d6a30220b88bc8843a2000,legacy_original_korean_patch
sMiscQuestsCompleted,Quests Completed: ,완료한 퀘스트: ,e79902c385dda00220da8fc688cb883a2000,legacy_original_korean_patch
sMiscSkillAdvances,Skill Increases: ,스킬 증가치: ,c688daa90420c8a808b080b9893a2000,legacy_original_korean_patch
sMiscStoresInvestedIn,Stores Invested In: ,투자한 상점: ,cb86b880dda00220d6a008d8a2053a2000,legacy_original_korean_patch
sMiscTrainingSessions,Training Sessions: ,훈련 세션: ,cda602d3a30220b68bd6a3023a2000,legacy_original_korean_patch
sMiscUnknownEffect,(Unknown Effect),(알 수 없는 효과),28d7a00420c68620d7a21fc1a80220cd85d0902900,legacy_original_korean_patch
sMissingSpellName,You must first enter a valid name for this spell.,이 주문에 특수한 이름을 주어야 합니다.,b78920c886c4a602b78b20cba801c686dda00220b789c3a805c7a80420c886b782b78120dda006b189b2802e00,legacy_original_korean_patch
sMonthEveningStar,Evening Star,12월,3132e79b0400,legacy_original_korean_patch
sMonthFirstSeed,First Seed,3월,33e79b0400,legacy_original_korean_patch
sMonthFrostFall,Frost Fall,10월,3130e79b0400,legacy_original_korean_patch
sMonthLastSeed,Last Seed,8월,38e79b0400,legacy_original_korean_patch
sMonthMorningStar,Morning Star,1월,31e79b0400,legacy_original_korean_patch
sMonthSecondSeed,Second Seed,5월,35e79b0400,legacy_original_korean_patch
sMonthSunsDawn,Sun's Dawn,2월,32e79b0400,legacy_original_korean_patch
sMonthSunsDusk,Sun's Dusk,11월,3131e79b0400,legacy_original_korean_patch
sMonthSunsHeight,Sun's Height,7월,37e79b0400,legacy_original_korean_patch
sMouth,Mouth,입,d7a90600,legacy_original_korean_patch
sMouthChin,Mouth-Chin distance short/long,턱끝과 입사이 거리,dba201cea810d09020d7a906b680b78920b082b38900,legacy_original_korean_patch
sMouthdrawn,Mouth drawn/pursed,입의 오무려진 정도,d7a906d79820c784c486b383d8a90220d8a208c28400,legacy_original_korean_patch
sMouthhappy,Mouth happy/sad,입모양의 미소 정도,d7a906c484d7a108d79820b489c68420d8a208c28400,legacy_original_korean_patch
sMouthhigh,Mouth high/low,입의 높/낮이,d7a906d79820c1a4112fd1a00cb78900,legacy_original_korean_patch
sMouthlipsdeflated,Mouth lips deflated/inflated,입술의 부푼 정도,d7a906c6a604d79820c586cca60220d8a208c28400,legacy_original_korean_patch
sMouthlipslarge,Mouth lips large/small,입술 크기,d7a906c6a60420ca88b08900,legacy_original_korean_patch
sMouthlipspuckered,Mouth lips puckered/retracted,입술의 오므린 정도,d7a906c6a604d79820c784c488d3a90220d8a208c28400,legacy_original_korean_patch
sMouthprotruding,Mouth protruding/retracted,입술의 나온 정도,d7a906c6a604d79820b180c7a40220d8a208c28400,legacy_original_korean_patch
sMouthtilt,Mouth tilt up/down,입의 기울기,d7a906d79820b089c7a604b08900,legacy_original_korean_patch
sMouthunderbite,Mouth underbite/overbite,앞니의 돌출 정도,d7a011b189d79820c2a404c9a60420d8a208c28400,legacy_original_korean_patch
sMoveMarkerQuestion,Do you want to move your marker or remove it?,당신의 마커를 옮기거나 제거하기를 원하십니까?,d2a008d6a902d79820b480ba82c3a80420c7a419b089b082b18020b88bb082bd80b089c3a80420e79b02bd80d6a906b189be803f00,legacy_original_korean_patch
sNamePotion,Name Potion,포션 이름,cc84d6a30220b789c3a80500,legacy_original_korean_patch
sNares,Nares small/large,콧구멍 범위,caa407c086d4a20820d5a205d79700,legacy_original_korean_patch
sNasolabiallines,Naso labial lines light/dark,코 주위의 밝기,ca8420c886d797d79820d5a018b08900,legacy_original_korean_patch
sNewGame,New Game,새 게임,b68a20b08bd7a90500,legacy_original_korean_patch
sNoEatQuestItem,You can not eat quest items.,퀘스트 아이템은 먹을 수 없습니다.,da8fc688cb8820b780b789dbab05c7a80220d4a201c7a80420c68620d7a21fc6a806b189b2802e00,legacy_original_korean_patch
sNoFastTravelAlarm,You cannot fast travel while guards are pursuing you.,가드가 추격 중일 경우에는 빠른 여행을 할 수 없습니다.,b080c288b08020c986d0a30120c8a608d7a90420d0a308c786b78bc1a80220f080c3a80220b783ddaa08c7a80420dda00420c68620d7a21fc6a806b189b2802e00,legacy_original_korean_patch
sNoFastTravelCell,You cannot fast travel from this location.,이 지역에서는 빠른 여행을 할 수 없습니다.,b78920b889d7a301b78bb682c1a80220f080c3a80220b783ddaa08c7a80420dda00420c68620d7a21fc6a806b189b2802e00,legacy_original_korean_patch
sNoItemsToRecharge,You have no items that need to be recharged.,충전이 필요한 아이템이 없습니다.,c9a608d8a202b78920dca904c785dda00220b780b789dbab05b78920d7a21fc6a806b189b2802e00,legacy_original_korean_patch
sNoJumpWarning,You can not drop objects while in the air.,공중에 있을 때에는 물건들을 내려놓을 수 없습니다.,c0a408c8a608b78b20d7a914c7a80420bf8ab78bc1a80220c4a604d0a202c2a804c7a80420b18ab383c1a412c7a80420c68620d7a21fc6a806b189b2802e00,legacy_original_korean_patch
sNoLockPickIfCrimeAlert,You can't pick a lock while being pursued by guards.,가드가 추격 중일 경우에는 자물쇠를 딸 수 없습니다.,b080c288b08020c986d0a30120c8a608d7a90420d0a308c786b78bc1a80220b880c4a604d695c3a80420dfa00420c68620d7a21fc6a806b189b2802e00,legacy_original_korean_patch
sNoName,You must first enter a valid name for this enchantment.,이 인챈트물에는 특수한 이름을 주어야 합니다.,b78920d7a902d9aa02cb88c4a604b78bc1a80220cba801c686dda00220b789c3a805c7a80420c886b782b78120dda006b189b2802e00,legacy_original_korean_patch
sNoNameCharacter,You must first enter a valid name.,사용할 이름을 입력해야 합니다.,b680c7a508dda00420b789c3a805c7a80420d7a906d3a301bd8ab78120dda006b189b2802e00,legacy_original_korean_patch
sNoPickPocketAgain, has already caught you., 은(는) 이미 당신을 파악하고 있습니다.,20c7a80228c1a8022920b789b48920d2a008d6a902c7a80420bc80d7a001bd80c08420d7a914c6a806b189b2802e00,legacy_original_korean_patch
sNoRepairMagic,Only a journeyman armorer or higher may repair magic items.,오로지 숙련된 제련술사 이상만이 마법아이템을 수리할 수 있습니다.,c784c384b88920c6a601d3a302e29a0220b88bd3a302c6a604b68020b789d6a008d4a002b78920b480d5a206b780b789dbab05c7a80420c686b389dda00420c68620d7a914c6a806b189b2802e00,legacy_original_korean_patch
sNoSitOnOwnedFurniture,You cannot sit on owned furniture.,소유하지 않은 의자에 앉을 수 없습니다.,c684c787bd80b88920d7a017c7a80220d798b880b78b20d7a016c7a80420c68620d7a21fc6a806b189b2802e00,legacy_original_korean_patch
sNoSleepTrespass,You cannot sleep while trespassing.,타인의 집을 침입하는 동안은 잘 수 없습니다.,bb80d7a902d79820d8a906c7a80420d9a905d7a906bd80c1a80220c2a408d7a002c7a80220d8a00420c68620d7a21fc6a806b189b2802e00,legacy_original_korean_patch
sNoTalkUnConscious, is unconscious.,가(이) 기절하였습니다. ,b08028b7892920b089d8a204bd80d7a314c6a806b189b2802e2000,legacy_original_korean_patch
sNoWaitInAir,You cannot wait while in the air.,공중에 떠있는 상태로 대기할 수 없습니다.,c0a408c8a608b78b20bf82d7a914c1a80220d6a008bb8ac38420b28ab089dda00420c68620d7a21fc6a806b189b2802e00,legacy_original_korean_patch
sNoWaitInCell,You cannot wait in this location.,현재 위치에선 대기할 수 없습니다.,dda302b88a20d797b989b78bd6a20220b28ab089dda00420c68620d7a21fc6a806b189b2802e00,legacy_original_korean_patch
sNoWaitTrespass,You cannot wait while trespassing.,타인의 집을 침입하는 동안은 대기할 수 없습니다.,bb80d7a902d79820d8a906c7a80420d9a905d7a906bd80c1a80220c2a408d7a002c7a80220b28ab089dda00420c68620d7a21fc6a806b189b2802e00,legacy_original_korean_patch
sNormalWeaponsResisted,Your attack has no effect.,공격의 효과가 없습니다.,c0a408d0a301d79820cd85d090b08020d7a21fc6a806b189b2802e00,legacy_original_korean_patch
sNose,Nose,코,ca8400,legacy_original_korean_patch
sNosebridgeshallow,Nose bridge shallow/deep,콧날의 깊이,caa407d1a004d79820d0a911b78900,legacy_original_korean_patch
sNosebridgeshort,Nose bridge short/long,콧날의 길이,caa407d1a004d79820d0a904b78900,legacy_original_korean_patch
sNosedown,Nose down/up,코의 높/낮이,ca84d79820c1a4112fd1a00cb78900,legacy_original_korean_patch
sNoseflat,Nose flat/pointed,코의 평평한 정도,ca84d79820dca308dca308dda00220d8a208c28400,legacy_original_korean_patch
sNosenostrilssmall,Nose nostrils small/large,콧구멍의 크기,caa407c086d4a208d79820ca88b08900,legacy_original_korean_patch
sNosenostrilswide,Nose nostrils wide/thin,콧구멍의 넓이,caa407c086d4a208d79820d1a21ab78900,legacy_original_korean_patch
sNosenostriltilt,Nose nostril tilt down/up,콧구멍의 기울기,caa407c086d4a208d79820b089c7a604b08900,legacy_original_korean_patch
sNoseregion,Nose region concave/convex,코 부위의 오목한 정도,ca8420c586d797d79820c784c4a401dda00220d8a208c28400,legacy_original_korean_patch
sNoseselliondown,Nose sellion down/up,미간의 높/낮이,b489d0a002d79820c1a4112fd1a00cb78900,legacy_original_korean_patch
sNosesellionlower,Nose sellion lower shallow/deep,미간 아랫쪽의 깊이,b489d0a00220b780d3aa07f5a401d79820d0a911b78900,legacy_original_korean_patch
sNosesellionshallow,Nose sellion shallow/deep,미간의 깊이,b489d0a002d79820d0a911b78900,legacy_original_korean_patch
sNosesellionthin,Nose sellion thin/wide,미간의 넓이,b489d0a002d79820d1a21ab78900,legacy_original_korean_patch
sNoseshort,Nose short/long,코의 길이,ca84d79820d0a904b78900,legacy_original_korean_patch
sNosetilt,Nose tilt down/up,코의 기울기,ca84d79820b089c7a604b08900,legacy_original_korean_patch
sNoviceSkillLevelText,You have a basic understanding of this skill.,이 기술의 기초를 습득하였습니다.,b78920b089c6a604d79820b089c984c3a80420c6a806c2a801bd80d7a314c6a806b189b2802e00,legacy_original_korean_patch
sOfferRefused,Offer refused,거래 거절,b082b38a20b082d8a20400,legacy_original_korean_patch
sOutOfLockpicks,You have run out of lockpicks.,락픽을 다 소모했습니다.,d3a001dca901c7a80420b28020c684c484ddaa14c6a806b189b2802e00,legacy_original_korean_patch
sPoisonAlreadyPoisonedMessage,The current weapon is already poisoned.,현재 무기는 이미 독이 발려져 있습니다.,dda302b88a20c486b089c1a80220b789b48920c2a401b78920d5a004b383b88320d7a914c6a806b189b2802e00,legacy_original_korean_patch
sPoisonBowConfirmMessage,Do you want to poison your next shot with the ,독화살공격을 위해 다음 활에 독을 바르시겠습니까? ,c2a401dd90d6a004c0a408d0a301c7a80420d797bd8a20b280c7a80520ed9904b78b20c2a401c7a80420b580c388b689d0ab14c6a806b189be803f2000,legacy_original_korean_patch
sPoisonConfirmMessage,Do you want to poison the ,다음 무기에 독을 바르시겠습니까? ,b280c7a80520c486b089b78b20c2a401c7a80420b580c388b689d0ab14c6a806b189be803f2000,legacy_original_korean_patch
sPoisonNoWeaponMessage,You must first equip a weapon to poison it.,무기에 독을 바르려면 먼저 무기를 장착해야 합니다.,c486b089b78b20c2a401c7a80420b580c388b383d4a30220d4a202b88220c486b089c3a80420d8a008d9a001bd8ab78120dda006b189b2802e00,legacy_original_korean_patch
sPotionSucceded,You have created a new potion,새로운 포션을 창조하였습니다.,b68ac384c7a60220cc84d6a302c7a80420d9a008c884bd80d7a314c6a806b189b2802e00,legacy_original_korean_patch
sQuestAddedText,Quest added,새로운 퀘스트가 추가되었습니다.,b68ac384c7a60220da8fc688cb88b08020c986b080d295d7a214c6a806b189b2802e00,legacy_original_korean_patch
sQuestCompletedText,Quest completed,현재 진행중인 퀘스트가 완료되었습니다.,dda302b88a20d8a902ddaa08c8a608d7a90220da8fc688cb88b08020e79902c385d295d7a214c6a806b189b2802e00,legacy_original_korean_patch
sQuestUpdatedText,Quest updated,퀘스트가 갱신되었습니다.,da8fc688cb88b08020d0aa08d6a902d295d7a214c6a806b189b2802e00,legacy_original_korean_patch
sQuickKeySelectedString,equipped.,을(를) 장착했습니다.,c7a80428c3a8042920d8a008d9a001ddaa14c6a806b189b2802e00,legacy_original_korean_patch
sQuickKeyUnSelectedString,unequipped.,착용 해제.,d9a001c7a50820bd8ab88b2e00,legacy_original_korean_patch
sQuickKeyUsedString,used.,을(를) 사용했습니다.,c7a80428c3a8042920b680c7a508ddaa14c6a806b189b2802e00,legacy_original_korean_patch
sQuickLoading,Quickloading...,로딩 중...,c384d2a90820c8a6082e2e2e00,legacy_original_korean_patch
sQuickSaving,Quicksaving...,저장 중...,b882d8a00820c8a6082e2e2e00,legacy_original_korean_patch
sRandom,Random,랜덤,d3aa02d2a20500,legacy_original_korean_patch
sRandomizeFace,Randomize face?,얼굴모양을 랜덤하게 하시겠습니까?,d7a204c0a604c484d7a108c7a80420d3aa02d2a205bd80b08b20bd80b689d0ab14c6a806b189be803f00,legacy_original_korean_patch
sRed,Red,적색,d8a201d6aa0100,legacy_original_korean_patch
sReset,Reset,초기화,c984b089dd9000,legacy_original_korean_patch
sResetFace,Reset face?,얼굴모양을 초기화 하시겠습니까?,d7a204c0a604c484d7a108c7a80420c984b089dd9020bd80b689d0ab14c6a806b189be803f00,legacy_original_korean_patch
sRestartBecauseContentRemoved,The game must restart now because downloaded content has been removed.,다운로드 한 컨텐츠가 제거되었기 때문에 지금 게임을 재 시작해야 합니다.,b280c7a602c384c28820dda00220daa202dbab02c988b08020b88bb082d295d7a214b08920bf8ac4a602b78b20b889c0a80520b08bd7a905c7a80420b88a20b689d8a001bd8ab78120dda006b189b2802e00,legacy_original_korean_patch
sSaveFailed,Save failed.,저장 실패.,b882d8a00820d6a904bc8a2e00,legacy_original_korean_patch
sSaveGameCorruptMenuMessage,The save game is corrupt and cannot be loaded.,저장된 게임이 손상되어서 로드 될 수 없습니다.,b882d8a008e29a0220b08bd7a905b78920c6a402d6a008d295b782b68220c384c28820e29a0420c68620d7a21fc6a806b189b2802e00,legacy_original_korean_patch
sSaveGameIsCorrupt,The save game is corrupt.  Returning to game.,저장된 게임이 손상되었습니다. 게임으로 돌아갑니다.,b882d8a008e29a0220b08bd7a905b78920c6a402d6a008d295d7a214c6a806b189b2802e20b08bd7a905c788c38420c2a404b780d0a006b189b2802e00,legacy_original_korean_patch
sSaveGameNoLongerAvailable,The save game is no longer available.  Returning to game.,저장된 게임을 더 이상 이용할 수 없습니다. 게임으로 돌아갑니다.,b882d8a008e29a0220b08bd7a905c7a80420b28220b789d6a00820b789c7a508dda00420c68620d7a21fc6a806b189b2802e20b08bd7a905c788c38420c2a404b780d0a006b189b2802e00,legacy_original_korean_patch
sSaveNotAvailable,That save is no longer available.,그 세이브 파일은 더 이상 이용할 수 없습니다..,c08820b68bb789c58820bc80d7a904c7a80220b28220b789d6a00820b789c7a508dda00420c68620d7a21fc6a806b189b2802e2e00,legacy_original_korean_patch
sSaveOverSaveGame,Are you sure you want to overwrite this save game?,선택하신 게임을 덮어씌우시겠습니까?,d6a202dbaa01bd80d6a90220b08bd7a905c7a80420d2a211b782f798c786b689d0ab14c6a806b189be803f00,legacy_original_korean_patch
sSaveSuccessful,Save successful.,저장 성공.,b882d8a00820d6a208c0a4082e00,legacy_original_korean_patch
sScrollEquipped, equipped., 을(를) 장착했습니다.,20c7a80428c3a8042920d8a008d9a001ddaa14c6a806b189b2802e00,legacy_original_korean_patch
sSell,Sell,판매 :,dca002b48a203a00,legacy_original_korean_patch
sServeTimeQuestion,Do you just want to serve your time?,징역살이를 하겠습니까?,d8a908d7a301d6a004b789c3a80420bd80d0ab14c6a806b189be803f00,legacy_original_korean_patch
sShape,Shape,모양,c484d7a10800,legacy_original_korean_patch
sSigilStoneCharge,Charge:,용량:,c7a508d3a1083a00,legacy_original_korean_patch
sSkillDecreased,skill decreased,스킬이 감소하였습니다.,c688daa904b78920d0a005c684bd80d7a314c6a806b189b2802e00,legacy_original_korean_patch
sSkillDescAcrobatics,Acrobatics Description,곡예 설명,c0a401b78d20d6a204d4a30800,legacy_original_korean_patch
sSkillDescAlchemy,Alchemy Description,연금술 설명,d7a302c0a805c6a60420d6a204d4a30800,legacy_original_korean_patch
sSkillDescAlteration,Alteration Description,변이마법 설명,d5a302b789b480d5a20620d6a204d4a30800,legacy_original_korean_patch
sSkillDescArmorer,Armorer Description,제련술 설명,b88bd3a302c6a60420d6a204d4a30800,legacy_original_korean_patch
sSkillDescAthletics,Athletics Description,운동능력 설명,c7a602c2a408c1a808d3a30120d6a204d4a30800,legacy_original_korean_patch
sSkillDescBlade,Blade Description,검술 설명,d0a205c6a60420d6a204d4a30800,legacy_original_korean_patch
sSkillDescBlock,Block Description,방어 설명,d5a008b78220d6a204d4a30800,legacy_original_korean_patch
sSkillDescBlunt,Blunt Description,둔기 설명,c2a602b08920d6a204d4a30800,legacy_original_korean_patch
sSkillDescConjuration,Conjuration Description,소환마법 설명,c684ed9902b480d5a20620d6a204d4a30800,legacy_original_korean_patch
sSkillDescDestruction,Destruction Description,파괴마법 설명,bc80d095b480d5a20620d6a204d4a30800,legacy_original_korean_patch
sSkillDescHandToHand,Hand To Hand Description,격투 설명,d0a301cb8620d6a204d4a30800,legacy_original_korean_patch
sSkillDescHeavyArmor,Heavy Armor Description,중무장 설명,c8a608c486d8a00820d6a204d4a30800,legacy_original_korean_patch
sSkillDescIllusion,Illusion Description,환영마법 설명,ed9902d7a308b480d5a20620d6a204d4a30800,legacy_original_korean_patch
sSkillDescLightArmor,Light Armor Description,경무장 설명,d0a308c486d8a00820d6a204d4a30800,legacy_original_korean_patch
sSkillDescMarksman,Marksman Description,궁술 설명,c0a608c6a60420d6a204d4a30800,legacy_original_korean_patch
sSkillDescMercantile,Mercantile Description,상술 설명,d6a008c6a60420d6a204d4a30800,legacy_original_korean_patch
sSkillDescMysticism,Mysticism Description,신비마법 설명,d6a902b589b480d5a20620d6a204d4a30800,legacy_original_korean_patch
sSkillDescRestoration,Restoration Description,회복마법 설명,dd95c5a401b480d5a20620d6a204d4a30800,legacy_original_korean_patch
sSkillDescSecurity,Security Description,잠금해제 설명,d8a005c0a805bd8ab88b20d6a204d4a30800,legacy_original_korean_patch
sSkillDescSneak,Sneak Description,잠입술 설명,d8a005d7a906c6a60420d6a204d4a30800,legacy_original_korean_patch
sSkillDescSpeechcraft,Speechcraft Description,화술 설명,dd90c6a60420d6a204d4a30800,legacy_original_korean_patch
sSkillIncreased,skill increased,스킬이 향상되었습니다.,c688daa904b78920dda108d6a008d295d7a214c6a806b189b2802e00,legacy_original_korean_patch
sSkillLevel,Level: ,레벨: ,b38bd5ab043a2000,legacy_original_korean_patch
sSkillLevelApprentice,Apprentice,초급자,c984c0a806b88000,legacy_original_korean_patch
sSkillLevelExpert,Expert,전문가,d8a202c4a602b08000,legacy_original_korean_patch
sSkillLevelJourneyman,Journeyman,숙련자,c6a601d3a302b88000,legacy_original_korean_patch
sSkillLevelMaster,Master,마스터,b480c688bb8200,legacy_original_korean_patch
sSkillLevelNovice,Novice,초보자,c984c584b88000,legacy_original_korean_patch
sSkillLevelTooLow,Your skill level is not high enough to create this spell,이 주문을 시전하기엔 레벨이 낮습니다.,b78920c886c4a602c7a80420b689d8a202bd80b089d7ab0220b38bd5ab04b78920d1a00cc6a806b189b2802e00,legacy_original_korean_patch
sSkillNameHeavyArmor,Heavy Armor,중갑옷,c8a608d0a006c7a40700,legacy_original_korean_patch
sSkillNameLightArmor,Light Armor,경갑옷,d0a308d0a006c7a40700,legacy_original_korean_patch
sSkinflushed,Skin flushed/pale,피부색의 창백함,bc89c586d6aa01d79820d9a008d5aa01dda00500,legacy_original_korean_patch
sSkinshade,Skin shade dark/light,그림자의 짙은 정도,c088d3a905b880d79820d8a910c7a80220d8a208c28400,legacy_original_korean_patch
sSkintintorange,Skin tint orange/blue,오랜지/푸른빛의 비율,c784d3aa02b8892fcc86c3a802d5a90ed79820b589c7a70400,legacy_original_korean_patch
sSkintintpurple,Skin tint purple/yellow,자주빛/노란빛의 비율,b880c886d5a90e2fc184d3a002d5a90ed79820b589c7a70400,legacy_original_korean_patch
sSlotsFull,You have already made the maximum number of selections.,이미 선택할 수 있는 수량을 모두 선택했습니다.,b789b48920d6a202dbaa01dda00420c68620d7a914c1a80220c686d3a108c7a80420c484c28620d6a202dbaa01ddaa14c6a806b189b2802e00,legacy_original_korean_patch
sSoulCaptured,You have captured a soul!,영혼을 포획하였습니다!,d7a308cda402c7a80420cc84ed9a01bd80d7a314c6a806b189b2802100,legacy_original_korean_patch
sSoulLevelNameCommon,Common,숙련,c6a601d3a30200,legacy_original_korean_patch
sSoulLevelNameGrand,Grand,달인,d2a004d7a90200,legacy_original_korean_patch
sSoulLevelNameGreater,Greater,전문,d8a202c4a60200,legacy_original_korean_patch
sSoulLevelNameLesser,Lesser,초급,c984c0a80600,legacy_original_korean_patch
sSoulLevelNamePetty,Petty,입문,d7a906c4a60200,legacy_original_korean_patch
sSpecNameCombat,Combat,전투,d8a202cb8600,legacy_original_korean_patch
sSpellEffectiveness,Spell effectiveness,마법 효용,b480d5a20620cd85c7a50800,legacy_original_korean_patch
sSpellmakingSuccess,Congratulations!  You have created a new spell.,축하합니다! 당신은 새로운 주문(마법)을 만들었습니다.,c9a601bd80dda006b189b2802120d2a008d6a902c7a80220b68ac384c7a60220c886c4a60228b480d5a20629c7a80420d4a002c2a804d7a214c6a806b189b2802e00,legacy_original_korean_patch
sStartNewGame,Start new game?,게임을 새로 시작하시겠습니까?,b08bd7a905c7a80420b68ac38420b689d8a001bd80b689d0ab14c6a806b189be803f00,legacy_original_korean_patch
sStealHorse,Do you want to steal this horse?,말을 훔치겠습니까?,d4a004c7a80420cda605b989d0ab14c6a806b189be803f00,legacy_original_korean_patch
sStyle,Style,모양,c484d7a10800,legacy_original_korean_patch
sSuccessfulSneakAttackMain,Sneak attack for ,스닉 공격으로 ,c688d1a90120c0a408d0a301c788c3842000,legacy_original_korean_patch
sSwitch,Make this my active quest,진행중인 퀘스트 바꾸기,d8a902ddaa08c8a608d7a90220da8fc688cb8820b580ce86b08900,legacy_original_korean_patch
sTitleText,You have ascended to level,레벨이 상승하였습니다. 레벨 : ,b38bd5ab04b78920d6a008c6a808bd80d7a314c6a806b189b2802e20b38bd5ab04203a2000,legacy_original_korean_patch
sTone,Tone,색,d6aa0100,legacy_original_korean_patch
sTopicAddedText,New topic,새로운 화제,b68ac384c7a60220dd90b88b00,legacy_original_korean_patch
sVampireFeed,Feed,피 빨기,bc8920f6a004b08900,legacy_original_korean_patch
sVampireTalk,Talk,대화하기,b28add90bd80b08900,legacy_original_korean_patch
sVideoChange,You must exit and restart Oblivion for the new resolution to take effect.,새 해상도를 적용하기 위해서는 게임을 나갔다가 다시 오블리비언을 시작하시기 바랍니다.,b68a20bd8ad6a008c284c3a80420d8a201c7a508bd80b08920d797bd8ab682c1a80220b08bd7a905c7a80420b180d0a014b280b08020b280b68920c784c5a804b389b589d7a202c7a80420b689d8a001bd80b689b08920b580d3a006b189b2802e00,legacy_original_korean_patch
sViewAll,View All,모두 보기,c484c28620c584b08900,legacy_original_korean_patch
sWelkyndStoneMessage,"You have used a Welkynd Stone's power to restore your magicka, and now it is gone.",매지카를 충전하기 위해서 웬킨드 스톤을 사용하였습니다. 이제 사라집니다.,b48ab889ba80c3a80420c9a608d8a202bd80b08920d797bd8ab68220e7af02daa902c28820c688cba402c7a80420b680c7a508bd80d7a314c6a806b189b2802e20b789b88b20b680b380d8a906b189b2802e00,legacy_original_korean_patch
sYieldAccepted,accepts your yield.,가(이) 화해를 받아들입니다.,b08028b7892920dd90bd8ac3a80420d5a003b780c2a804d7a906b189b2802e00,legacy_original_korean_patch
sYieldRejected,rejects your yield!,은(는) 화해를 거부합니다!,c7a80228c1a8022920dd90bd8ac3a80420b082c586dda006b189b2802100,legacy_original_korean_patch
sYour,Your,당신의,d2a008d6a902d79800,legacy_original_korean_patch
