effective_source,record_type,raw_formid,field,old_english,new_korean,locres_key,new_bytes_hex,editor_id
Oblivion.esm,GMST,000CA0F6,DATA,You cannot fast travel with enemies nearby.,주변에 적이 있어 빠른 이동을 할 수 없습니다.,existing_esm_exe_gmst,c886d5a302b78b20d8a201b78920d7a914b78220f080c3a80220b789c2a408c7a80420dda00420c68620d7a21fc6a806b189b2802e00,sNoFastTravelCombat
Oblivion.esm,GMST,000C01AB,DATA,You cannot wait when enemies are nearby.,주변에 적이 있어 대기할 수 없습니다.,existing_esm_exe_gmst,c886d5a302b78b20d8a201b78920d7a914b78220b28ab089dda00420c68620d7a21fc6a806b189b2802e00,sNoWaitInCombat
Oblivion.esm,GMST,0006C170,DATA,You cannot wait while underwater.,물속에서는 대기할 수 없습니다.,existing_esm_exe_gmst,c4a604c6a401b78bb682c1a80220b28ab089dda00420c68620d7a21fc6a806b189b2802e00,sNoWaitUnderWater
Oblivion.esm,GMST,0006C16F,DATA,You cannot wait when enemies are nearby.,주변에 적이 있어 대기할 수 없습니다.,existing_esm_exe_gmst,c886d5a302b78b20d8a201b78920d7a914b78220b28ab089dda00420c68620d7a21fc6a806b189b2802e00,sNoWaitHostilActorsNear
Oblivion.esm,GMST,0006C16E,DATA,You cannot sleep with enemies nearby.,주변에 적이 있어 잠을 잘 수 없습니다.,existing_esm_exe_gmst,c886d5a302b78b20d8a201b78920d7a914b78220d8a005c7a80420d8a00420c68620d7a21fc6a806b189b2802e00,sNoSleepHostilActorsNear
Oblivion.esm,GMST,0006C16D,DATA,You cannot sleep with enemies nearby.,주변에 적이 있어 잠을 잘 수 없습니다.,existing_esm_exe_gmst,c886d5a302b78b20d8a201b78920d7a914b78220d8a005c7a80420d8a00420c68620d7a21fc6a806b189b2802e00,sNoSleepCombat
Oblivion.esm,GMST,0006C164,DATA,You cannot recharge enchanted items during combat.,전투 중에는 마법 장비를 충전할 수 없습니다.,existing_esm_exe_gmst,d8a202cb8620c8a608b78bc1a80220b480d5a20620d8a008b589c3a80420c9a608d8a202dda00420c68620d7a21fc6a806b189b2802e00,sCanNotEquipSoulGem
Oblivion.esm,GMST,0006C163,DATA,You cannot repair items when enemies are nearby.,주변에 적이 있어 장비를 수리할 수 없습니다.,existing_esm_exe_gmst,c886d5a302b78b20d8a201b78920d7a914b78220d8a008b589c3a80420c686b389dda00420c68620d7a21fc6a806b189b2802e00,sCanNotEquipRepairHammer
Oblivion.esm,GMST,0006C162,DATA,You cannot create potions when enemies are nearby.,주변에 적이 있어 물약을 만들 수 없습니다.,existing_esm_exe_gmst,c886d5a302b78b20d8a201b78920d7a914b78220c4a604d7a101c7a80420d4a002c2a80420c68620d7a21fc6a806b189b2802e00,sCanNotEquipAlchemy
Oblivion.esm,GMST,0004F65B,DATA,You cannot change weapons while attacking.,공격 중에는 무기를 변경할 수 없습니다.,existing_esm_exe_gmst,c0a408d0a30120c8a608b78bc1a80220c486b089c3a80420d5a302d0a308dda00420c68620d7a21fc6a806b189b2802e00,sAnimationCanNotEquipWeapon
Oblivion.esm,GMST,00037E88,DATA,You need more hammers.,수리 망치가 더 필요합니다.,existing_esm_exe_gmst,c686b38920d4a008b989b08020b28220dca904c785dda006b189b2802e00,sNoHammer
Oblivion.esm,GMST,00037E87,DATA,This lock cannot be picked. You need a key.,이 자물쇠는 열 수 없습니다. 열쇠가 필요합니다.,existing_esm_exe_gmst,b78920b880c4a604d695c1a80220d7a30420c68620d7a21fc6a806b189b2802e20d7a304d695b08020dca904c785dda006b189b2802e00,sImpossibleLock
