effective_source,record_type,raw_formid,field,old_english,new_korean,locres_key,new_bytes_hex,editor_id,occurrence
Oblivion.esm,GMST,0006C160,DATA,added.,추가되었습니다.,menu_gmst_master,c986b080d295d7a214c6a806b189b2802e00,sAddItemtoInventory,0
Oblivion.esm,GMST,0006C161,DATA,removed.,제거되었습니다.,menu_gmst_master,b88bb082d295d7a214c6a806b189b2802e00,sAddItemtoInventoryText,0
Oblivion.esm,GMST,000086C9,DATA,added.,추가되었습니다.,menu_gmst_master,c986b080d295d7a214c6a806b189b2802e00,sAddItemtoSpellList,0
Oblivion.esm,GMST,0004F65C,DATA,YOU ARE USING WRONG GAMESETTING,"민첩성은 균형과 기동성, 피로도, 활 사용 능력에 영향을 줍니다.",menu_gmst_master,d4a902d9a206d6a208c7a80220c0a702dda308d09020b089c2a408d6a2082c20bc89c384c2842c20ed990420b680c7a50820c1a808d3a301b78b20d7a308dda108c7a80420c8a606b189b2802e00,sAgilityDescription,0
Oblivion.esm,GMST,0004F65B,DATA,You cannot change weapons while attacking.,공격 중에는 무기를 변경할 수 없습니다.,menu_gmst_master,c0a408d0a30120c8a608b78bc1a80220c486b089c3a80420d5a302d0a308dda00420c68620d7a21fc6a806b189b2802e00,sAnimationCanNotEquipWeapon,0
Oblivion.esm,GMST,000624DF,DATA,You cannot change weapons while attacking.,공격 중에는 무기를 변경할 수 없습니다.,menu_gmst_master,c0a408d0a30120c8a608b78bc1a80220c486b089c3a80420d5a302d0a308dda00420c68620d7a21fc6a806b189b2802e00,sAnimationCanNotUnequip,0
Oblivion.esm,GMST,0004F653,DATA,"Affects your ability to maneuver and balance, your total Fatigue, and damage done by bows. Governs the skills of Security, Sneak, and Marksman.","기동성과 균형, 총 피로도, 활 피해량에 영향을 줍니다. 자물쇠 따기, 은신, 궁술을 관장합니다.",menu_gmst_master,b089c2a408d6a208d09020c0a702dda3082c20c9a40820bc89c384c2842c20ed990420bc89bd8ad3a108b78b20d7a308dda108c7a80420c8a606b189b2802e20b880c4a604d69520bf80b0892c20c7a802d6a9022c20c0a608c6a604c7a80420e09902d8a008dda006b189b2802e00,sAttributeDescAgility,0
Oblivion.esm,GMST,0004F654,DATA,"Affects how much Fatigue you have, your Health, and how much your Health will increase when you sleep and raise levels. Governs the skills of Block, Armorer, and Heavy Armor.","피로도와 체력, 레벨 상승 시 증가하는 체력에 영향을 줍니다. 방어, 방어구 수리, 중갑을 관장합니다.",menu_gmst_master,bc89c384c284d79020b98bd3a3012c20b38bd5ab0420d6a008c6a80820b68920c8a808b080bd80c1a80220b98bd3a301b78b20d7a308dda108c7a80420c8a606b189b2802e20d5a008b7822c20d5a008b782c08620c686b3892c20c8a608d0a006c7a80420e09902d8a008dda006b189b2802e00,sAttributeDescEndurance,0
Oblivion.esm,GMST,0004F655,DATA,"Affects your total Magicka and magic use. Governs the skills of Alchemy, Conjuration, and Mysticism.","총 매지카와 마법 사용에 영향을 줍니다. 연금술, 소환마법, 신비마법을 관장합니다.",menu_gmst_master,c9a40820b48ab889ba80d79020b480d5a20620b680c7a508b78b20d7a308dda108c7a80420c8a606b189b2802e20d7a302c0a805c6a6042c20c684ed9902b480d5a2062c20d6a902b589b480d5a206c7a80420e09902d8a008dda006b189b2802e00,sAttributeDescIntelligence,0
Oblivion.esm,GMST,0004F656,DATA,"Luck has an effect on everything you do, but governs no skills.",행운은 모든 행동에 영향을 주지만 특정 기술을 관장하지는 않습니다.,menu_gmst_master,ddaa08c7a602c7a80220c484c2a80220ddaa08c2a408b78b20d7a308dda108c7a80420c886b889d4a00220cba801d8a20820b089c6a604c7a80420e09902d8a008bd80b889c1a80220d7a017c6a806b189b2802e00,sAttributeDescLuck,0
Oblivion.esm,GMST,0004F657,DATA,"Affects how much people like you, which leads to better information-gathering. Governs the skills of Speechcraft, Mercantile, and Illusion.","다른 사람이 당신을 얼마나 좋아하는지에 영향을 주며, 정보 수집에도 도움이 됩니다. 화술, 상술, 환영마법을 관장합니다.",menu_gmst_master,b280c3a80220b680d3a005b78920d2a008d6a902c7a80420d7a204b480b18020c8a412b780bd80c1a802b889b78b20d7a308dda108c7a80420c886b4832c20d8a208c58420c686d8a906b78bc28420c284c7a605b78920e29a06b189b2802e20dd90c6a6042c20d6a008c6a6042c20ed9902d7a308b480d5a206c7a80420e09902d8a008dda006b189b2802e00,sAttributeDescPersonality,0
Oblivion.esm,GMST,0004F658,DATA,"Determines how fast you move. Governs the skills of Athletics, Light Armor, and Acrobatics.","이동 속도를 결정합니다. 운동, 경갑, 곡예를 관장합니다.",menu_gmst_master,b789c2a40820c6a401c284c3a80420d0a304d8a208dda006b189b2802e20c7a602c2a4082c20d0a308d0a0062c20c0a401b78dc3a80420e09902d8a008dda006b189b2802e00,sAttributeDescSpeed,0
Oblivion.esm,GMST,0004F659,DATA,"Affects how much you can carry, how much Fatigue you have, and how much damage you can do with melee weapons such as swords and axes. Governs the skills of Blunt, Blade, and Hand to Hand.","소지 한도, 피로도, 검이나 도끼 같은 근접 무기의 피해량에 영향을 줍니다. 둔기, 검술, 격투를 관장합니다.",menu_gmst_master,c684b88920dda002c2842c20bc89c384c2842c20d0a205b789b18020c284be8920d0a010c7a80220c0a802d8a20620c486b089d79820bc89bd8ad3a108b78b20d7a308dda108c7a80420c8a606b189b2802e20c2a602b0892c20d0a205c6a6042c20d0a301cb86c3a80420e09902d8a008dda006b189b2802e00,sAttributeDescStrength,0
Oblivion.esm,GMST,0004F65A,DATA,"Affects how quickly you regenerate Magicka, and how much Fatigue you have. Governs the skills of Destruction, Alteration, and Restoration.","매지카 회복 속도와 피로도에 영향을 줍니다. 파괴마법, 변화마법, 회복마법을 관장합니다.",menu_gmst_master,b48ab889ba8020dd95c5a40120c6a401c284d79020bc89c384c284b78b20d7a308dda108c7a80420c8a606b189b2802e20bc80d095b480d5a2062c20d5a302dd90b480d5a2062c20dd95c5a401b480d5a206c7a80420e09902d8a008dda006b189b2802e00,sAttributeDescWillpower,0
Oblivion.esm,GMST,0006C162,DATA,You cannot create potions when enemies are nearby.,주변에 적이 있어 물약을 만들 수 없습니다.,menu_gmst_master,c886d5a302b78b20d8a201b78920d7a914b78220c4a604d7a101c7a80420d4a002c2a80420c68620d7a21fc6a806b189b2802e00,sCanNotEquipAlchemy,0
Oblivion.esm,GMST,00004848,DATA,You can not fire this quest arrow.,이 퀘스트 화살은 발사할 수 없습니다.,menu_gmst_master,b78920da8fc688cb8820dd90d6a004c7a80220d5a004b680dda00420c68620d7a21fc6a806b189b2802e00,sCanNotEquipQuestArrows,0
Oblivion.esm,GMST,0006C163,DATA,You cannot repair items when enemies are nearby.,주변에 적이 있어 장비를 수리할 수 없습니다.,menu_gmst_master,c886d5a302b78b20d8a201b78920d7a914b78220d8a008b589c3a80420c686b389dda00420c68620d7a21fc6a806b189b2802e00,sCanNotEquipRepairHammer,0
Oblivion.esm,GMST,0006C164,DATA,You cannot recharge enchanted items during combat.,전투 중에는 마법 장비를 충전할 수 없습니다.,menu_gmst_master,d8a202cb8620c8a608b78bc1a80220b480d5a20620d8a008b589c3a80420c9a608d8a202dda00420c68620d7a21fc6a806b189b2802e00,sCanNotEquipSoulGem,0
Oblivion.esm,GMST,0006C165,DATA,You cannot read when enemies are nearby.,근처에 적이 있어 읽을 수 없습니다.,menu_gmst_master,c0a802b982b78b20d8a201b78920d7a914b78220d7a918c7a80420c68620d7a21fc6a806b189b2802e00,sCanNotReadBood,0
Oblivion.esm,GMST,00037E86,DATA,You have reached your training limit for your current level.,현재 레벨에서 받을 수 있는 훈련 한도에 도달했습니다.,menu_gmst_master,dda302b88a20b38bd5ab04b78bb68220d5a003c7a80420c68620d7a914c1a80220cda602d3a30220dda002c284b78b20c284d2a004ddaa14c6a806b189b2802e00,sCanNotTrainAnymore,0
Oblivion.esm,GMST,0006C166,DATA,This character cannot help you train any higher.,이 인물에게서는 더 이상 훈련받을 수 없습니다.,menu_gmst_master,b78920d7a902c4a604b78bb08bb682c1a80220b28220b789d6a00820cda602d3a302d5a003c7a80420c68620d7a21fc6a806b189b2802e00,sCanNotTrainHigher,0
Oblivion.esm,GMST,00067C4D,DATA,"Allows you to progress more quickly in these skills as you use them: Armorer, Athletics, Blade, Block, Blunt, Hand to Hand, Heavy Armor.","사용할수록 더 빠르게 향상되는 기술: 방어구 수리, 운동, 검술, 방어, 둔기, 격투, 중갑.",menu_gmst_master,b680c7a508dda004c686c3a40120b28220f080c388b08b20dda108d6a008d295c1a80220b089c6a6043a20d5a008b782c08620c686b3892c20c7a602c2a4082c20d0a205c6a6042c20d5a008b7822c20c2a602b0892c20d0a301cb862c20c8a608d0a0062e00,sCombatDescription,0
Oblivion.esm,GMST,0006C167,DATA,Continue Playing?,계속 플레이하시겠습니까?,menu_gmst_master,b08dc6a40120cca804b38bb789bd80b689d0ab14c6a806b189be803f00,sContinueText,0
Oblivion.esm,GMST,0004B6D8,DATA,"Represents the total weight you can carry. When full, you cannot move until you drop some items.",휴대할 수 있는 총 무게입니다. 한도를 넘으면 물건을 버릴 때까지 움직일 수 없습니다.,menu_gmst_master,cd87b28adda00420c68620d7a914c1a80220c9a40820c486b08bd7a906b189b2802e20dda002c284c3a80420d1a205c788d4a30220c4a604d0a202c7a80420b582d3a90420bf8abe80b88920c7a605d8a901d7a90420c68620d7a21fc6a806b189b2802e00,sDerivedAttributeDescEncumbrance,0
Oblivion.esm,GMST,0004B6D9,DATA,"Fatigue is how tired you are. Low Fatigue hurts your effectiveness, especially when doing melee attacks. Fatigue returns faster if you are walking. ",피로는 얼마나 지쳤는지를 나타냅니다. 피로가 낮으면 특히 근접 공격 시 효율이 떨어집니다. 걸어 다니면 피로가 더 빨리 회복됩니다.,menu_gmst_master,bc89c384c1a80220d7a204b480b18020b889d9a314c1a802b889c3a80420b180bb80d1aa06b189b2802e20bc89c384b08020d1a00cc788d4a30220cba801bd8920c0a802d8a20620c0a408d0a30120b68920cd85c7a704b78920dfa204b782d8a906b189b2802e20d0a204b78220b280b189d4a30220bc89c384b08020b28220f6a004b38920dd95c5a401e29a06b189b2802e00,sDerivedAttributeDescFatigue,0
Oblivion.esm,GMST,0004B6DA,DATA,"The amount of damage you can take. Sleeping, potions or spells can restore your Health.","견딜 수 있는 피해량입니다. 수면, 물약, 주문으로 체력을 회복할 수 있습니다.",menu_gmst_master,d0a302d2a90420c68620d7a914c1a80220bc89bd8ad3a108d7a906b189b2802e20c686d4a3022c20c4a604d7a1012c20c886c4a602c788c38420b98bd3a301c7a80420dd95c5a401dda00420c68620d7a914c6a806b189b2802e00,sDerivedAttributeDescHealth,0
Oblivion.esm,GMST,0004B6DB,DATA,"Casting spells uses Magicka. Magicka regenerates based on your Willpower. Sleeping, potions or spells can restore your Magicka.","주문 시전에 매지카를 사용합니다. 매지카는 의지력에 따라 회복되며 수면, 물약, 주문으로 회복할 수 있습니다.",menu_gmst_master,c886c4a60220b689d8a202b78b20b48ab889ba80c3a80420b680c7a508dda006b189b2802e20b48ab889ba80c1a80220d798b889d3a301b78b20bf80b38020dd95c5a401d295b48320c686d4a3022c20c4a604d7a1012c20c886c4a602c788c38420dd95c5a401dda00420c68620d7a914c6a806b189b2802e00,sDerivedAttributeDescMagicka,0
Oblivion.esm,GMST,0006C168,DATA,You found,발견:,menu_gmst_master,d5a004d0a3023a00,sDiscoveredText,0
Oblivion.esm,GMST,000624E0,DATA,You cannot drop an equiped item until you complete your current action.,현재 행동을 마칠 때까지 장착한 아이템을 버릴 수 없습니다.,menu_gmst_master,dda302b88a20ddaa08c2a408c7a80420b480d9a90420bf8abe80b88920d8a008d9a001dda00220b780b789dbab05c7a80420b582d3a90420c68620d7a21fc6a806b189b2802e00,sDropEquippedItemWarning,0
Oblivion.esm,GMST,0005C447,DATA,MESSAGE,지구력은 최대 체력과 피로도에 영향을 줍니다.,menu_gmst_master,b889c086d3a301c7a80220d995b28a20b98bd3a301d09020bc89c384c284b78b20d7a308dda108c7a80420c8a606b189b2802e00,sEnduranceDescription,0
Oblivion.esm,GMST,00014D3A,DATA,is unconscious.,의식을 잃었습니다.,menu_gmst_master,d798d6a901c7a80420d7a91ed7a214c6a806b189b2802e00,sEssentialCharacterDown,0
Oblivion.esm,GMST,000CD59A,DATA,Choose your 2 favored attributes. You will gain +5 to each one.,선호 능력치 2개를 선택하십시오. 각각 +5 증가합니다.,menu_gmst_master,d6a202cd8420c1a808d3a301b9892032b08ac3a80420d6a202dbaa01bd80d6a906b689c7842e20d0a001d0a001202b3520c8a808b080dda006b189b2802e00,sFavoredAttributes,0
Oblivion.esm,GMST,000CD3D1,DATA,Bright Grey,밝은 회색,menu_gmst_master,d5a018c7a80220dd95d6aa0100,sHairColor0,0
Oblivion.esm,GMST,000CD3D2,DATA,Charcoal,차콜,menu_gmst_master,b980caa40400,sHairColor1,0
Oblivion.esm,GMST,000CD3DB,DATA,Bright Copper,밝은 구릿빛,menu_gmst_master,d5a018c7a80220c086d3a907d5a90e00,sHairColor10,0
Oblivion.esm,GMST,000CD3DC,DATA,Mahogany,마호가니,menu_gmst_master,b480cd84b080b18900,sHairColor11,0
Oblivion.esm,GMST,000CD3DD,DATA,Blue Black,청흑색,menu_gmst_master,d9a208cda801d6aa0100,sHairColor12,0
Oblivion.esm,GMST,000CD3DE,DATA,Dark Brown,짙은 갈색,menu_gmst_master,d8a910c7a80220d0a004d6aa0100,sHairColor13,0
Oblivion.esm,GMST,000CD3DF,DATA,Grey,회색,menu_gmst_master,dd95d6aa0100,sHairColor14,0
Oblivion.esm,GMST,000CD3E0,DATA,Satin Blonde,은은한 금발,menu_gmst_master,c7a802c7a802dda00220c0a805d5a00400,sHairColor15,0
Oblivion.esm,GMST,000CD3D3,DATA,Black,검정,menu_gmst_master,d0a205d8a20800,sHairColor2,0
Oblivion.esm,GMST,000CD3D4,DATA,Bright Blonde,밝은 금발,menu_gmst_master,d5a018c7a80220c0a805d5a00400,sHairColor3,0
Oblivion.esm,GMST,000CD3D5,DATA,Rose Blonde,장밋빛 금발,menu_gmst_master,d8a008d4a907d5a90e20c0a805d5a00400,sHairColor4,0
Oblivion.esm,GMST,000CD3D6,DATA,Light Brown,연갈색,menu_gmst_master,d7a302d0a004d6aa0100,sHairColor5,0
Oblivion.esm,GMST,000CD3D7,DATA,Cool Brown,회갈색,menu_gmst_master,dd95d0a004d6aa0100,sHairColor6,0
Oblivion.esm,GMST,000CD3D8,DATA,Auburn,적갈색,menu_gmst_master,d8a201d0a004d6aa0100,sHairColor7,0
Oblivion.esm,GMST,000CD3D9,DATA,Copper,구릿빛,menu_gmst_master,c086d3a907d5a90e00,sHairColor8,0
Oblivion.esm,GMST,000CD3DA,DATA,Golden Blonde,황금빛 금발,menu_gmst_master,ed9908c0a805d5a90e20c0a805d5a00400,sHairColor9,0
Oblivion.esm,GMST,00037E87,DATA,This lock cannot be picked. You need a key.,이 자물쇠는 열 수 없습니다. 열쇠가 필요합니다.,menu_gmst_master,b78920b880c4a604d695c1a80220d7a30420c68620d7a21fc6a806b189b2802e20d7a304d695b08020dca904c785dda006b189b2802e00,sImpossibleLock,0
Oblivion.esm,GMST,0005C448,DATA,YOU ARE USING WRONG GAMESETTING,지능은 최대 매지카에 영향을 줍니다.,menu_gmst_master,b889c1a808c7a80220d995b28a20b48ab889ba80b78b20d7a308dda108c7a80420c8a606b189b2802e00,sIntellegenceDescription,0
Oblivion.esm,GMST,000624E1,DATA,That key cannot be remapped.,그 키는 재매핑할 수 없습니다.,menu_gmst_master,c08820ba89c1a80220b88ab48adca908dda00420c68620d7a21fc6a806b189b2802e00,sKeyLocked,0
Oblivion.esm,GMST,0006C169,DATA,The results of hard work and dedication always look like luck. But you know you've earned every ounce of your success.,집념과 노력의 결과조차 항상 행운처럼 여겨집니다. 하지만 당신은 모든 결과를 스스로의 힘으로 만들어 냈음을 알고 있습니다.,menu_gmst_master,d8a906d1a305d09020c184d3a301d79820d0a304d090c884b98020dda008d6a00820ddaa08c7a602b982d3a20520b783b083d8a906b189b2802e20bd80b889d4a00220d2a008d6a902c7a80220c484c2a80220d0a304d090c3a80420c688c688c384d79820dda905c788c38420d4a002c2a804b78220d1aa14c7a805c7a80420d7a004c08420d7a914c6a806b189b2802e00,sLevelDefault,0
Oblivion.esm,GMST,0006C16A,DATA,You need to finish distributing attribute points before leaving.,나가기 전에 능력치 포인트를 모두 분배해야 합니다.,menu_gmst_master,b180b080b08920d8a202b78b20c1a808d3a301b98920cc84d7a902cb88c3a80420c484c28620c5a602b58abd8ab78120dda006b189b2802e00,sLevelDoneWarning,0
Oblivion.esm,GMST,0006C16B,DATA,Being smart doesn't hurt. And a little luck now and then is nice. But the key is patience and hard work.,"영리한 것도 나쁘지 않고, 가끔은 운도 필요하다. 하지만 핵심은 인내와 노력이다.",menu_gmst_master,d7a308b389dda00220d0a207c28420b180f388b88920d7a017c0842c20b080cea805c7a80220c7a602c28420dca904c785bd80b2802e20bd80b889d4a00220ddaa01d6a905c7a80220d7a902b18ad79020c184d3a301b789b2802e00,sLevelUp11,0
Oblivion.esm,GMST,0001E69F,DATA,"You can't believe how easy it is. You just have to go... a little crazy. And then, suddenly, it all makes sense, and everything you do turns to gold.","믿기지 않을 만큼 쉬워졌다. 조금만... 미쳐 버리면 된다. 그러면 갑자기 모든 것이 이해되고, 손대는 것마다 황금으로 변한다.",menu_gmst_master,d4a903b089b88920d7a017c7a80420d4a002caa80520d697d796d8a314b2802e20c884c0a805d4a0022e2e2e20b489b98320b582b389d4a30220e29a02b2802e20c088b382d4a30220d0a006b880b08920c484c2a80220d0a207b78920b789bd8ad295c0842c20c6a402b28ac1a80220d0a207b480b28020ed9908c0a805c788c38420d5a302dda002b2802e00,sLevelUp12,0
Oblivion.esm,GMST,0001E69A,DATA,"Now you just stay at your peak as long as you can. There's no one stronger in Tamriel, but there's always someone younger... a new challenger.","이제 가능한 한 오래 정점에 머무르면 된다. 탐리엘에 더 강한 자는 없지만, 언제나 더 젊은 도전자는 나타나는 법이다.",menu_gmst_master,b789b88b20b080c1a808dda00220dda00220c784b38a20d8a208d8a205b78b20b482c486c388d4a30220e29a02b2802e20dba005b389d7ab04b78b20b28220d0a008dda00220b880c1a80220d7a21fb889d4a0022c20d7a202b88bb18020b28220d8a219c7a80220c284d8a202b880c1a80220b180bb80b180c1a80220d5a206b789b2802e00,sLevelUp15,0
Oblivion.esm,GMST,0001E6A0,DATA,"Life isn't over. You can still get smarter, or cleverer, or more experienced, or meaner... but your body and soul just aren't going to get any younger.","인생은 아직 끝나지 않았습니다. 당신은 여전히 더 똑똑해지거나, 더 영리해지거나, 더 노련해지거나, 더 비열해질 수 있습니다. 하지만 당신의 육체와 영혼은 더 이상 젊어지지 않을 겁니다.",menu_gmst_master,d7a902d6aa08c7a80220b780d8a90120cea810b180b88920d7a017d7a014c6a806b189b2802e20d2a008d6a902c7a80220b783d8a202bd8920b28220cfa401cfa401bd8ab889b082b1802c20b28220d7a308b389bd8ab889b082b1802c20b28220c184d3a302bd8ab889b082b1802c20b28220b589d7a304bd8ad8a90420c68620d7a914c6a806b189b2802e20bd80b889d4a00220d2a008d6a902d79820c7a701b98bd79020d7a308cda402c7a80220b28220b789d6a00820d8a219b782b889b88920d7a017c7a80420d0a206b189b2802e00,sLevelUp17,0
Oblivion.esm,GMST,0001E69B,DATA,"With the life you've been living, the punishment your body has taken... there are limits, and maybe you've reached them. Is this what it's like to grow old?","오늘 당신은 갑자기 인생의 고난과 육신의 고통을 깨달았습니다. 몸이 할 수 있는 일에는 한계가 있고, 어쩌면 그 끝에 다다른 것일지도 모릅니다. 늙는 게 어떤 느낌인지 궁금하셨나요? 자, 이제 알게 됐네요.",menu_gmst_master,c784c1a80420d2a008d6a902c7a80220d0a006b880b08920d7a902d6aa08d79820c084d1a002d09020c7a701d6a902d79820c084cba408c7a80420be8ad2a004d7a014c6a806b189b2802e20c4a405b78920dda00420c68620d7a914c1a80220d7a904b78bc1a80220dda002b08db08020d7a914c0842c20b782f282d4a30220c08820cea810b78b20b280b280c3a80220d0a207d7a904b889c28420c484c3a806b189b2802e20c1a818c1a80220b08b20b782dfa20220c188dea905d7a902b88920c0a608c0a805bd80d6a314b180c7853f20b8802c20b789b88b20d7a004b08b20e2ae14b18bc7852e00,sLevelUp18,0
Oblivion.esm,GMST,0001E69C,DATA,"You're really good. Maybe the best. And that's why it's so hard to get better. But you just keep trying, because that's the way you are.",정말 잘하고 있다. 어쩌면 최고일지도 모른다. 그래서 더 나아지기가 그만큼 어렵다. 그래도 계속 시도한다. 원래 그런 사람이니까.,menu_gmst_master,d8a208d4a00420d8a004bd80c08420d7a914b2802e20b782f282d4a30220d995c084d7a904b889c28420c484c3a802b2802e20c088b38ab68220b28220b180b780b889b089b08020c088d4a002caa80520b782d3a306b2802e20c088b38ac28420b08dc6a40120b689c284dda002b2802e20e79b02b38a20c088d3a20220b680d3a005b789b189be802e00,sLevelUp19,0
Oblivion.esm,GMST,0001E6A1,DATA,"By superhuman effort, you can avoid slipping backwards for a while. But one day, you'll lose a step, or drop a beat, or miss a detail... and you'll be gone forever.","초인적인 노력으로 한동안은 퇴보하지 않을 수 있다. 하지만 언젠가는 한 걸음 뒤처지거나, 박자를 놓치거나, 작은 세부 하나를 놓칠 것이다... 그리고 영원히 사라질 것이다.",menu_gmst_master,c984d7a902d8a201d7a90220c184d3a301c788c38420dda002c2a408d7a002c7a80220db95c584bd80b88920d7a017c7a80420c68620d7a914b2802e20bd80b889d4a00220d7a202d8ab02b080c1a80220dda00220d0a204c7a80520d297b982b889b082b1802c20d5a001b880c3a80420c1a412b989b082b1802c20d8a001c7a80220b68bc58620bd80b180c3a80420c1a412d9a90420d0a207b789b2802e2e2e20c088b389c08420d7a308e79b02bd8920b680b380d8a90420d0a207b789b2802e00,sLevelUp20,0
Oblivion.esm,GMST,0001E69E,DATA,"You've done things the hard way. But without taking risks, taking responsibility for failure... how could you have understood?",힘든 길을 걸어왔다. 하지만 위험을 감수하고 실패의 책임을 받아들이지 않았다면... 어떻게 깨달을 수 있었겠는가?,menu_gmst_master,dda905c2a80220d0a904c7a80420d0a204b782e79914b2802e20bd80b889d4a00220d797dda205c7a80420d0a005c686bd80c08420d6a904bc8ad79820d9aa01d7a905c7a80420d5a003b780c2a804b789b88920d7a017d7a014b280d4a3022e2e2e20b782dfa212b08b20be8ad2a004c7a80420c68620d7a914d7a214d0ab14c1a802b0803f00,sLevelUp4,0
Oblivion.esm,GMST,0001E69D,DATA,"You've learned a lot about Cyrodiil... and about yourself. It's hard to believe how ignorant you were, but now you have so much more to learn.","당신은 점점 더 자각하게 되고, 새로운 아이디어를 열린 마음으로 받아들이게 됩니다. 당신은 그동안 시로딜에 대해 많은 것을 배웠습니다. 무지했던 예전은 잘 기억나지도 않지만, 아직도 배울 것이 많습니다.",menu_gmst_master,d2a008d6a902c7a80220d8a205d8a20520b28220b880d0a001bd80b08b20d295c0842c20b68ac384c7a60220b780b789b289b782c3a80420d7a304d3a90220b480c7a805c788c38420d5a003b780c2a804b789b08b20e29a06b189b2802e20d2a008d6a902c7a80220c088c2a408d7a00220b689c384d2a904b78b20b28abd8a20d4a017c7a80220d0a207c7a80420b58ae79b14c6a806b189b2802e20c486b889ddaa14d2a20220b78dd8a202c7a80220d8a00420b089d7a201b180b889c28420d7a017b889d4a0022c20b780d8a901c28420b58ac7a60420d0a207b78920d4a017c6a806b189b2802e00,sLevelUp6,0
Oblivion.esm,GMST,0006C16C,DATA,Are you sure you want to load this game? All unsaved progress will be lost.,게임을 불러오시겠습니까? 저장하지 않은 진행 상황은 모두 사라집니다.,menu_gmst_master,b08bd7a905c7a80420c5a604b382c784b689d0ab14c6a806b189be803f20b882d8a008bd80b88920d7a017c7a80220d8a902ddaa0820d6a008ed9908c7a80220c484c28620b680b380d8a906b189b2802e00,sLoadWhilePlaying,0
Oblivion.esm,GMST,0000517E,DATA,Needs a key,열쇠가 필요합니다,menu_gmst_master,d7a304d695b08020dca904c785dda006b189b28000,sLockLevelNameImpossible,0
Oblivion.esm,GMST,000624E2,DATA,Enchantment is too strong for this soul gem.,이 소울젬의 최대 마법부여 레벨을 초과했습니다.,menu_gmst_master,b78920c684c7a604d8ab05d79820d995b28a20b480d5a206c586b78320b38bd5ab04c7a80420c984d090ddaa14c6a806b189b2802e00,sLowSoul,0
Oblivion.esm,GMST,0005C449,DATA,YOU ARE USING WRONG GAMESETTING,운은 거의 모든 행동에 조금씩 영향을 줍니다.,menu_gmst_master,c7a602c7a80220b082d79820c484c2a80220ddaa08c2a408b78b20c884c0a805f7a90120d7a308dda108c7a80420c8a606b189b2802e00,sLuckDescription,0
Oblivion.esm,GMST,00067C4F,DATA,"Allows you to progress more quickly in these skills as you use them: Alchemy, Alteration, Conjuration, Destruction, Illusion, Mysticism, Restoration.","사용할수록 더 빠르게 향상되는 기술: 연금술, 변화마법, 소환마법, 파괴마법, 환영마법, 신비마법, 회복마법.",menu_gmst_master,b680c7a508dda004c686c3a40120b28220f080c388b08b20dda108d6a008d295c1a80220b089c6a6043a20d7a302c0a805c6a6042c20d5a302dd90b480d5a2062c20c684ed9902b480d5a2062c20bc80d095b480d5a2062c20ed9902d7a308b480d5a2062c20d6a902b589b480d5a2062c20dd95c5a401b480d5a2062e00,sMagicDescription,0
Oblivion.esm,GMST,000CD599,DATA,Choose your 7 major skills. You will start at 25 (Apprentice Level) in each one.,주요 기술 7개를 선택하십시오. 각각 25(수습생)로 시작합니다.,menu_gmst_master,c886c78520b089c6a6042037b08ac3a80420d6a202dbaa01bd80d6a906b689c7842e20d0a001d0a00120323528c686c6a806d6aa0829c38420b689d8a001dda006b189b2802e00,sMajorSkills,0
Oblivion.esm,GMST,000CD2D5,DATA,Places Found: ,발견한 장소:,menu_gmst_master,d5a004d0a302dda00220d8a008c6843a00,sMiscNumPlacesDiscovered,0
Oblivion.esm,GMST,00045D2F,DATA,Shivering Isles Bounty:,쉬버링 아일즈 현상금:,menu_gmst_master,d697b582d3a90820b780d7a904c88820dda302d6a008c0a8053a00,sMiscSEBounty,0
Oblivion.esm,GMST,000C4260,DATA,Heartfire,하트파이어,menu_gmst_master,bd80cb88bc80b789b78200,sMonthHeartFire,0
Oblivion.esm,GMST,000C4262,DATA,Mid-Year,한여름,menu_gmst_master,dda002b783c3a80500,sMonthMidYear,0
Oblivion.esm,GMST,000C4261,DATA,Rain's Hand,비의 손,menu_gmst_master,b589d79820c6a40200,sMonthRainsHand,0
Oblivion.esm,GMST,000CA0F6,DATA,You cannot fast travel with enemies nearby.,주변에 적이 있어 빠른 이동을 할 수 없습니다.,menu_gmst_master,c886d5a302b78b20d8a201b78920d7a914b78220f080c3a80220b789c2a408c7a80420dda00420c68620d7a21fc6a806b189b2802e00,sNoFastTravelCombat,0
Oblivion.esm,GMST,000624E3,DATA,Fast travel is currently unavailable from this location.,현재 위치에서는 빠른 이동을 시도할 수 없습니다.,menu_gmst_master,dda302b88a20d797b989b78bb682c1a80220f080c3a80220b789c2a408c7a80420b689c284dda00420c68620d7a21fc6a806b189b2802e00,sNoFastTravelScriptBlock,0
Oblivion.esm,GMST,00037E88,DATA,You need more hammers.,수리 망치가 더 필요합니다.,menu_gmst_master,c686b38920d4a008b989b08020b28220dca904c785dda006b189b2802e00,sNoHammer,0
Oblivion.esm,GMST,00037E89,DATA,You have no lockpicks.,문이 잠겨 있고 열쇠나 자물쇠 따개가 없습니다.,menu_gmst_master,c4a602b78920d8a005b08320d7a914c08420d7a304d695b18020b880c4a604d69520bf80b08ab08020d7a21fc6a806b189b2802e00,sNoLockPick,0
Oblivion.esm,GMST,00037E8A,DATA,You need a lockpick or the key.,문이 잠겨 있고 열쇠나 자물쇠 따개가 없습니다.,menu_gmst_master,c4a602b78920d8a005b08320d7a914c08420d7a304d695b18020b880c4a604d69520bf80b08ab08020d7a21fc6a806b189b2802e00,sNoLockPickKey,0
Oblivion.esm,GMST,00037E8B,DATA,You need a Mortar and Pestle to make potions.,포션을 만들려면 막자사발과 막자가 필요합니다.,menu_gmst_master,cc84d6a302c7a80420d4a002c2a804b383d4a30220d4a001b880b680d5a004d09020d4a001b880b08020dca904c785dda006b189b2802e00,sNoMortor,0
Oblivion.esm,GMST,0006C16D,DATA,You cannot sleep with enemies nearby.,주변에 적이 있어 잠을 잘 수 없습니다.,menu_gmst_master,c886d5a302b78b20d8a201b78920d7a914b78220d8a005c7a80420d8a00420c68620d7a21fc6a806b189b2802e00,sNoSleepCombat,0
Oblivion.esm,GMST,0006C16E,DATA,You cannot sleep with enemies nearby.,주변에 적이 있어 잠을 잘 수 없습니다.,menu_gmst_master,c886d5a302b78b20d8a201b78920d7a914b78220d8a005c7a80420d8a00420c68620d7a21fc6a806b189b2802e00,sNoSleepHostilActorsNear,0
Oblivion.esm,GMST,000CD598,DATA,You cannot sleep in an owned bed.,다른 사람의 침대에서는 잘 수 없습니다.,menu_gmst_master,b280c3a80220b680d3a005d79820d9a905b28ab78bb682c1a80220d8a00420c68620d7a21fc6a806b189b2802e00,sNoSleepInOwnedBed,0
Oblivion.esm,GMST,000624E4,DATA,You need to select a Soul Gem filled with a soul to enchant an object.,물건에 마법부여를 하려면 영혼이 담긴 소울젬을 선택해야 합니다.,menu_gmst_master,c4a604d0a202b78b20b480d5a206c586b783c3a80420bd80b383d4a30220d7a308cda402b78920d2a005d0a90220c684c7a604d8ab05c7a80420d6a202dbaa01bd8ab78120dda006b189b2802e00,sNoSoul,0
Oblivion.esm,GMST,00037E8C,DATA,You need a Soul Gem.,재충전하려면 소울젬이 필요합니다.,menu_gmst_master,b88ac9a608d8a202bd80b383d4a30220c684c7a604d8ab05b78920dca904c785dda006b189b2802e00,sNoSoulGem,0
Oblivion.esm,GMST,000624E5,DATA,This Soul Gem is empty. You can only equip a Soul Gem that has a soul in it.,이 소울 젬은 비어 있습니다. 영혼이 담긴 소울 젬만 장착할 수 있습니다.,menu_gmst_master,b78920c684c7a60420d8ab05c7a80220b589b78220d7a914c6a806b189b2802e20d7a308cda402b78920d2a005d0a90220c684c7a60420d8ab05d4a00220d8a008d9a001dda00420c68620d7a914c6a806b189b2802e00,sNoSoulInGem,0
Oblivion.esm,GMST,000CD593,DATA,is fleeing.,도망치는 중입니다.,menu_gmst_master,c284d4a008b989c1a80220c8a608d7a906b189b2802e00,sNoTalkFleeing,0
Oblivion.esm,GMST,0006C16F,DATA,You cannot wait when enemies are nearby.,주변에 적이 있어 대기할 수 없습니다.,menu_gmst_master,c886d5a302b78b20d8a201b78920d7a914b78220b28ab089dda00420c68620d7a21fc6a806b189b2802e00,sNoWaitHostilActorsNear,0
Oblivion.esm,GMST,000C01AB,DATA,You cannot wait when enemies are nearby.,주변에 적이 있어 대기할 수 없습니다.,menu_gmst_master,c886d5a302b78b20d8a201b78920d7a914b78220b28ab089dda00420c68620d7a21fc6a806b189b2802e00,sNoWaitInCombat,0
Oblivion.esm,GMST,0006C170,DATA,You cannot wait while underwater.,물속에서는 대기할 수 없습니다.,menu_gmst_master,c4a604c6a401b78bb682c1a80220b28ab089dda00420c68620d7a21fc6a806b189b2802e00,sNoWaitUnderWater,0
Oblivion.esm,GMST,000624E6,DATA,You cannot wait while guards are coming.,여기서 기다릴 수 없습니다. 당신의 이름이 들리는 경보가 울리고 있습니다.,menu_gmst_master,b783b089b68220b089b280d3a90420c68620d7a21fc6a806b189b2802e20d2a008d6a902d79820b789c3a805b78920c2a804b389c1a80220d0a308c584b08020c7a604b389c08420d7a914c6a806b189b2802e00,sNoWaitWhileAlarmSounding,0
Oblivion.esm,GMST,0006C171,DATA,Door opened with ,문을 연 열쇠:,menu_gmst_master,c4a602c7a80420d7a30220d7a304d6953a00,sOpenWithKey,0
Oblivion.esm,GMST,00185E30,DATA,You are over-encumbered.,소지 한도를 초과했습니다.,menu_gmst_master,c684b88920dda002c284c3a80420c984d090ddaa14c6a806b189b2802e00,sOverEncumbered,0
Oblivion.esm,GMST,0005C44A,DATA,YOU ARE USING WRONG GAMESETTING,매력은 다른 이들이 당신을 대하는 태도에 영향을 줍니다.,menu_gmst_master,b48ad3a301c7a80220b280c3a80220b789c2a804b78920d2a008d6a902c7a80420b28abd80c1a80220bb8ac284b78b20d7a308dda108c7a80420c8a606b189b2802e00,sPersonalityDescription,0
Oblivion.esm,GMST,0006C172,DATA,You cannot go that way. Turn back.,그쪽으로 갈 수 없습니다. 돌아가십시오.,menu_gmst_master,c088f5a401c788c38420d0a00420c68620d7a21fc6a806b189b2802e20c2a404b780b080d6a906b689c7842e00,sPlayerLeavingBorderRegion,0
Oblivion.esm,GMST,000C7959,DATA,Return to the main menu?  Unsaved data will be lost.,메인 메뉴로 돌아가시겠습니까? 저장하지 않은 내용은 사라집니다.,menu_gmst_master,b48bd7a90220b48bc187c38420c2a404b780b080b689d0ab14c6a806b189be803f20b882d8a008bd80b88920d7a017c7a80220b18ac7a508c7a80220b680b380d8a906b189b2802e00,sReturnToMainMenu,0
Oblivion.esm,GMST,000C58CF,DATA,There is no Soul Gem in your inventory large enough to capture the soul.,이 영혼을 담을 만큼 큰 소울 젬이 없습니다.,menu_gmst_master,b78920d7a308cda402c7a80420d2a005c7a80420d4a002caa80520caa80220c684c7a60420d8ab05b78920d7a21fc6a806b189b2802e00,sSoulGemTooSmall,0
Oblivion.esm,GMST,000CD591,DATA,Choose your Specialization. Specialized skills get +10 and increase faster.,전문 분야를 선택하십시오. 전문 기술은 +10을 받고 더 빨리 향상됩니다.,menu_gmst_master,d8a202c4a60220c5a602b781c3a80420d6a202dbaa01bd80d6a906b689c7842e20d8a202c4a60220b089c6a604c7a802202b3130c7a80420d5a003c08420b28220f6a004b38920dda108d6a008e29a06b189b2802e00,sSpecialization,0
Oblivion.esm,GMST,00067C4E,DATA,"Allows you to progress more quickly in these skills as you use them: Acrobatics, Light Armor, Marksman, Mercantile, Security, Sneak, Speechcraft.","사용할수록 더 빠르게 향상되는 기술: 곡예, 경갑, 궁술, 상술, 자물쇠 따기, 은신, 화술.",menu_gmst_master,b680c7a508dda004c686c3a40120b28220f080c388b08b20dda108d6a008d295c1a80220b089c6a6043a20c0a401b78d2c20d0a308d0a0062c20c0a608c6a6042c20d6a008c6a6042c20b880c4a604d69520bf80b0892c20c7a802d6a9022c20dd90c6a6042e00,sStealthDescription,0
Oblivion.esm,GMST,0005C44C,DATA,YOU ARE USING WRONG GAMESETTING,"힘은 근접 공격력, 소지 한도, 피로도에 영향을 줍니다.",menu_gmst_master,dda905c7a80220c0a802d8a20620c0a408d0a301d3a3012c20c684b88920dda002c2842c20bc89c384c284b78b20d7a308dda108c7a80420c8a606b189b2802e00,sStrengthDescription,0
Oblivion.esm,GMST,000CD3F3,DATA,x damage!,배 피해!,menu_gmst_master,b58a20bc89bd8a2100,sSuccessfulSneakAttackEnd,0
Oblivion.esm,GMST,0006C173,DATA,Travel to,이동:,menu_gmst_master,b789c2a4083a00,sTravelQuestion,0
Oblivion.esm,GMST,0006C174,DATA,was unequipped on you,의 장착이 해제되었습니다,menu_gmst_master,d79820d8a008d9a001b78920bd8ab88bd295d7a214c6a806b189b28000,sUnequipItemOnPlayer,0
Oblivion.esm,GMST,000086B7,DATA,What would you like to do with this person?,이 사람에게 무엇을 하시겠습니까?,menu_gmst_master,b78920b680d3a005b78bb08b20c486d7a207c7a80420bd80b689d0ab14c6a806b189be803f00,sVampireFeedQuestion,0
Oblivion.esm,GMST,0000A9EE,DATA,"You have used a Varla Stone's power to restore your enchanted items' charge, and now it is gone.",발라 스톤의 힘을 사용하여 마법 아이템을 충전했습니다. 스톤이 사라집니다.,menu_gmst_master,d5a004b38020c688cba402d79820dda905c7a80420b680c7a508bd80b78320b480d5a20620b780b789dbab05c7a80420c9a608d8a202ddaa14c6a806b189b2802e20c688cba402b78920b680b380d8a906b189b2802e00,sVarlaStoneMessage,0
Oblivion.esm,GMST,0005C44B,DATA,YOU ARE USING WRONG GAMESETTING,의지력은 피로도와 매지카 회복 속도에 영향을 줍니다.,menu_gmst_master,d798b889d3a301c7a80220bc89c384c284d79020b48ab889ba8020dd95c5a40120c6a401c284b78b20d7a308dda108c7a80420c8a606b189b2802e00,sWillPowerDescription,0
