effective_source,record_type,raw_formid,field,occurrence,old_english,new_korean,locres_key,new_bytes_hex,editor_id,match_method
Oblivion.esm,QUST,00015641,CNAM,2,An Obelisk has activated in the Palace courtyard! It seems that Order is launching its final attempt to take control of the Shivering Isles. I need to defeat Jyggalag and his minions once and for all.,궁 정원의 첫번째 오벨리스카가 활동하기 시작했다! 질서의 군대가 쉬버링 아일즈를 정복하기 위한 마지막 진공을 시작한 모양이다. 무슨일이 있어도 지갈랙과 그의 수하들을 패배시켜야 한다.,LOC_LE_SE13_STAGE10_LOG1,c0a60820d8a208e79b02d79820d9a207d5a202f28a20c784d5ab04b389c688ba80b08020ed9904c2a408bd80b08920b689d8a001ddaa14b2802120d8a904b682d79820c0a602b28ab08020d697b582d3a90820b780d7a904c888c3a80420d8a208c5a401bd80b08920d797dda00220b480b889d4a00120d8a902c0a408c7a80420b689d8a001dda00220c484d7a108b789b2802e20c486c6a802d7a904b78920d7a914b782c28420b889d0a004d3aa01d09020c088d79820c686bd80c2a804c7a80420bc8ab58ab689ba83b78120dda002b2802e00,SE13,remaster_unique_quest_stage
Oblivion.esm,QUST,0001383C,CNAM,2,I've witnessed a gnarl removing the Order crystals that were poisoning a door here in the Fountainhead. It seems that the tame gnarls here can halt the spread of Order throughout the dungeon. I may be able to use their help as I work my way to the Pools of Mania and Dementia.,나를이 문을 뒤덮고 있던 수정을 제거하는 것을 보았다. 이곳의 길들여진 나를들은 동굴로 퍼지는 질서의 기운을 막을 수 있는 것 같다. 매니아와 디멘시아의 연못으로 가기 위해서는 이것들을 잘 이용해야 겠다.,LOC_LE_SE12_STAGE30_LOG1,b180c3a804b78920c4a602c7a80420d297d2a211c08420d7a914d2a20220c686d8a208c7a80420b88bb082bd80c1a80220d0a207c7a80420c584d7a014b2802e20b789c0a407d79820d0a904c2a804b783d8a90220b180c3a804c2a804c7a80220c2a408c0a604c38420bc82b889c1a80220d8a904b682d79820b089c7a602c7a80420d4a001c7a80420c68620d7a914c1a80220d0a20720d0a010b2802e20b48ab189b780d79020b289d4ab02b689b780d79820d7a302c4a407c788c38420b080b08920d797bd8ab682c1a80220b789d0a207c2a804c7a80420d8a00420b789c7a508bd8ab78120d0ab14b2802e00,SE12,remaster_unique_quest_stage
Oblivion.esm,QUST,00011F9D,CNAM,2,The formidable Gatekeeper has destroyed a party of adventurers. I should talk to the residents of Passwall before trying to deal with this creature.,무시무시한 관문지기는 모험가 일당을 몰살시켜 버렸다. 이 괴물을 상대하기 전에 패스월 마을 사람들과 이야기를 해봐야겠다.,LOC_LE_SE02_STAGE10_LOG1,c486b689c486b689dda00220e09902c4a602b889b089c1a80220c484dda205b08020d7a904d2a008c7a80420c4a404d6a004b689ba8320b582d3a314b2802e20b78920d095c4a604c7a80420d6a008b28abd80b08920d8a202b78b20bc8ac688e79b0420b480c7a80420b680d3a005c2a804d09020b789b781b089c3a80420bd8ad590b781d0ab14b2802e00,SE02,remaster_unique_quest_stage
Oblivion.esm,QUST,0001E730,CNAM,4,I reached the Great Sigil Stone and closed the Gate. The Battle of Bruma is won! Now to give the sigil stone to Martin.,데이드라 공성병기가 나가기 전에 초대형 시질 스톤을 찾아 게이트를 닫았다. 우리는 브루마에서의 전투를 승리로 이끌었다! 이제 초대형 시질 스톤을 마틴에게 주어야 한다.,LOC_LE_MQ14_STAGE50_LOG1,b28bb789c288b38020c0a408d6a208d5a308b089b08020b180b080b08920d8a202b78b20c984b28adda30820b689d8a90420c688cba402c7a80420d9a00cb78020b08bb789cb88c3a80420d2a003d7a014b2802e20c786b389c1a80220c588c386b480b78bb682d79820d8a202cb86c3a80420c6a808b389c38420b789cea804d7a214b2802120b789b88b20c984b28adda30820b689d8a90420c688cba402c7a80420b480dba902b78bb08b20c886b782b78120dda002b2802e00,MQ14,remaster_unique_quest_stage
Oblivion.esm,QUST,0001E728,CNAM,4,My cover is blown. The Mythic Dawn know I am an enemy. I must reach the inner shrine and locate the Amulet of Kings.,계략은 모두 들통났다. 신화 여명회는 내가 적이라는 사실을 알아차렸다. 성소 내부로 들어가서 왕의 아뮬렛을 찾아야 한다.,LOC_LE_MQ06_STAGE41_LOG1,b08dd3a101c7a80220c484c28620c2a804cba408d1a014b2802e20d6a902dd9020b783d4a308dd95c1a80220b18ab08020d8a201b789b380c1a80220b680d6a904c7a80420d7a004b780b980d3a314b2802e20d6a208c68420b18ac586c38420c2a804b782b080b68220e79908d79820b780c4a704d3ab07c7a80420d9a00cb780b78120dda002b2802e00,MQ06,remaster_unique_quest_stage
Oblivion.esm,QUST,0000C20B,CNAM,2,"I have arrived in Camoran's Paradise. The portal closed behind me. I must find Mankar Camoran, kill him and recover the Amulet of Kings.",케모런의 낙원에 도착했다. 차원문은 닫혀 버렸다. 이제 맨카 케모런를 찾아 그를 죽이고 왕의 아뮬렛을 되찾아야 한다.,LOC_LE_MQ15_STAGE20_LOG1,ba8bc484d3a202d79820d1a001e79b02b78b20c284d9a001ddaa14b2802e20b980e79b02c4a602c7a80220d2a003bd8320b582d3a314b2802e20b789b88b20d4aa02ba8020ba8bc484d3a202c3a80420d9a00cb78020c088c3a80420c8a601b789c08420e79908d79820b780c4a704d3ab07c7a80420d295d9a00cb780b78120dda002b2802e00,MQ15,remaster_unique_quest_stage
Oblivion.esm,QUST,0002466E,CNAM,6,TEMP: Valen Dreth done talking. Trigger start of Emperor conversation.,TEMP: 베일린 드레스의 대화가 끝났습니다. 황제의 대화를 시작합니다.,LOC_LE_Charactergen_STAGE9_LOG1,54454d503a20b58bd7a904d3a90220c288b38bc688d79820b28add90b08020cea810d1a014c6a806b189b2802e20ed9908b88bd79820b28add90c3a80420b689d8a001dda006b189b2802e00,Charactergen,remaster_unique_quest_stage
Oblivion.esm,QUST,0002466E,CNAM,7,DEBUG: Renote reaches marker A. Start conversation with Glenroy.,DEBUG: 레노이트가 마커 A에 도달했습니다. 글렌로이와 대화를 시작합니다.,LOC_LE_Charactergen_STAGE12_LOG1,44454255473a20b38bc184b789cb88b08020b480ba822041b78b20c284d2a004ddaa14c6a806b189b2802e20c0a804d3ab02c384b789d79020b28add90c3a80420b689d8a001dda006b189b2802e00,Charactergen,remaster_unique_quest_stage
Oblivion.esm,QUST,0002466E,CNAM,8,TEMP: Stage 15. Glenroy opens door and enters cell.,TEMP: 15단계. 글렌로이가 문을 열고 감방으로 들어갑니다.,LOC_LE_Charactergen_STAGE15_LOG1,54454d503a203135d2a002b08d2e20c0a804d3ab02c384b789b08020c4a602c7a80420d7a304c08420d0a005d5a008c788c38420c2a804b782d0a006b189b2802e00,Charactergen,remaster_unique_quest_stage
Oblivion.esm,QUST,0002466E,CNAM,9,TEMP: Stage 16: Emperor notices player,TEMP: 16단계: 황제가 플레이어를 발견합니다.,LOC_LE_Charactergen_STAGE16_LOG1,54454d503a203136d2a002b08d3a20ed9908b88bb08020cca804b38bb789b782c3a80420d5a004d0a302dda006b189b2802e00,Charactergen,remaster_unique_quest_stage
Oblivion.esm,QUST,0002466E,CNAM,10,DEBUG: Stage 17: Emperor approaches player,DEBUG: 17단계: 황제가 플레이어에게 접근합니다.,LOC_LE_Charactergen_STAGE17_LOG1,44454255473a203137d2a002b08d3a20ed9908b88bb08020cca804b38bb789b782b78bb08b20d8a206c0a802dda006b189b2802e00,Charactergen,remaster_unique_quest_stage
Oblivion.esm,QUST,0002466E,CNAM,11,DEBUG: Stage 18: Renote to secret wall switch,DEBUG: 18단계: 레노이트가 비밀 벽 스위치로 이동합니다.,LOC_LE_Charactergen_STAGE18_LOG1,44454255473a203138d2a002b08d3a20b38bc184b789cb88b08020b589d4a90420d5a30120c688d797b989c38420b789c2a408dda006b189b2802e00,Charactergen,remaster_unique_quest_stage
Oblivion.esm,QUST,0002466E,CNAM,12,DEBUG: Stage 19: Secret wall is open,DEBUG: 19단계: 비밀 벽이 열렸습니다.,LOC_LE_Charactergen_STAGE19_LOG1,44454255473a203139d2a002b08d3a20b589d4a90420d5a301b78920d7a304d3a314c6a806b189b2802e00,Charactergen,remaster_unique_quest_stage
Oblivion.esm,QUST,0002466E,CNAM,13,DEBUG: Stage 20: Renote arrives at marker C,DEBUG: 20단계: 레노이트가 마커 C에 도착했습니다.,LOC_LE_Charactergen_STAGE20_LOG1,44454255473a203230d2a002b08d3a20b38bc184b789cb88b08020b480ba822043b78b20c284d9a001ddaa14c6a806b189b2802e00,Charactergen,remaster_unique_quest_stage
Oblivion.esm,QUST,0002466E,CNAM,14,DEBUG: Stage 22: Trigger start of ambush,DEBUG: 22단계: 매복 시작 트리거,LOC_LE_Charactergen_STAGE22_LOG1,44454255473a203232d2a002b08d3a20b48ac5a40120b689d8a00120cb88b389b08200,Charactergen,remaster_unique_quest_stage
Oblivion.esm,QUST,0002466E,CNAM,15,DEBUG: Assassins finish package to reach floor marker.,DEBUG: 암살자가 바닥 마커에 도달하기 위해 패키지를 완료했습니다.,LOC_LE_Charactergen_STAGE23_LOG2,44454255473a20d7a005d6a004b880b08020b580d2a00120b480ba82b78b20c284d2a004bd80b08920d797bd8a20bc8aba89b889c3a80420e79902c385ddaa14c6a806b189b2802e00,Charactergen,remaster_unique_quest_stage
Oblivion.esm,QUST,0002466E,CNAM,16,DEBUG: All assassins are dead.,DEBUG: 모든 암살자가 죽었습니다.,LOC_LE_Charactergen_STAGE26_LOG0,44454255473a20c484c2a80220d7a005d6a004b880b08020c8a601d7a214c6a806b189b2802e00,Charactergen,remaster_unique_quest_stage
Oblivion.esm,QUST,0002466E,CNAM,17,DEBUG: Stage 27: Start Baurus/Glenroy conv,DEBUG: 27단계: 보러스/글렌로이 대화 시작,LOC_LE_Charactergen_STAGE27_LOG1,44454255473a203237d2a002b08d3a20c584b382c6882fc0a804d3ab02c384b78920b28add9020b689d8a00100,Charactergen,remaster_unique_quest_stage
Oblivion.esm,QUST,0002466E,CNAM,18,DEBUG: Stage 28: Baurus waiting to warn player not to follow,DEBUG: 28단계: 보러스가 플레이어에게 따라오지 말라고 경고하기 위해 기다리고 있습니다.,LOC_LE_Charactergen_STAGE28_LOG1,44454255473a203238d2a002b08d3a20c584b382c688b08020cca804b38bb789b782b78bb08b20bf80b380c784b88920d4a004b380c08420d0a308c084bd80b08920d797bd8a20b089b280b389c08420d7a914c6a806b189b2802e00,Charactergen,remaster_unique_quest_stage
Oblivion.esm,QUST,0002466E,CNAM,19,"DEBUG: Stage 29: Baurus finished warning player, head out.",DEBUG: 29단계: 보러스가 플레이어에게 경고를 마쳤습니다. 밖으로 나갑니다.,LOC_LE_Charactergen_STAGE29_LOG1,44454255473a203239d2a002b08d3a20c584b382c688b08020cca804b38bb789b782b78bb08b20d0a308c084c3a80420b480d9a314c6a806b189b2802e20d5a013c788c38420b180d0a006b189b2802e00,Charactergen,remaster_unique_quest_stage
Oblivion.esm,QUST,0002466E,CNAM,20,TEMP: Glenroy waiting at Marker D,TEMP: 글렌로이가 마커 D에서 기다리고 있습니다.,LOC_LE_Charactergen_STAGE30_LOG1,54454d503a20c0a804d3ab02c384b789b08020b480ba822044b78bb68220b089b280b389c08420d7a914c6a806b189b2802e00,Charactergen,remaster_unique_quest_stage
Oblivion.esm,QUST,0002466E,CNAM,21,TEMP: Player triggers Emperors group to enter room B,TEMP: 플레이어가 황제 일행을 방 B로 들어오게 합니다.,LOC_LE_Charactergen_STAGE32_LOG1,54454d503a20cca804b38bb789b782b08020ed9908b88b20d7a904ddaa08c7a80420d5a0082042c38420c2a804b782c784b08b20dda006b189b2802e00,Charactergen,remaster_unique_quest_stage
Oblivion.esm,QUST,0002466E,CNAM,22,TEMP: Player triggers Glenroy to react,TEMP: 플레이어가 글렌로이의 반응을 촉발합니다.,LOC_LE_Charactergen_STAGE40_LOG1,54454d503a20cca804b38bb789b782b08020c0a804d3ab02c384b789d79820d5a002c7a808c7a80420c9a401d5a004dda006b189b2802e00,Charactergen,remaster_unique_quest_stage
Oblivion.esm,QUST,0002466E,CNAM,23,TEMP: 52 Glenroy reaches marker F,TEMP: 52 글렌로이가 마커 F에 도달했습니다.,LOC_LE_Charactergen_STAGE52_LOG1,54454d503a20353220c0a804d3ab02c384b789b08020b480ba822046b78b20c284d2a004ddaa14c6a806b189b2802e00,Charactergen,remaster_unique_quest_stage
Oblivion.esm,QUST,0002466E,CNAM,24,TEMP: 54 Player near Marker F,TEMP: 54 플레이어가 마커 F 근처에 있습니다.,LOC_LE_Charactergen_STAGE54_LOG1,54454d503a20353420cca804b38bb789b782b08020b480ba82204620c0a802b982b78b20d7a914c6a806b189b2802e00,Charactergen,remaster_unique_quest_stage
Oblivion.esm,QUST,0002466E,CNAM,25,TEMP: 56 Glenroy reaches marker G,TEMP: 56 글렌로이가 마커 G에 도달했습니다.,LOC_LE_Charactergen_STAGE56_LOG1,54454d503a20353620c0a804d3ab02c384b789b08020b480ba822047b78b20c284d2a004ddaa14c6a806b189b2802e00,Charactergen,remaster_unique_quest_stage
Oblivion.esm,QUST,0002466E,CNAM,26,TEMP: 62 Emperor reaches marker H,TEMP: 62 황제가 마커 H에 도달했습니다.,LOC_LE_Charactergen_STAGE62_LOG1,54454d503a20363220ed9908b88bb08020b480ba822048b78b20c284d2a004ddaa14c6a806b189b2802e00,Charactergen,remaster_unique_quest_stage
Oblivion.esm,QUST,0002466E,CNAM,27,TEMP: 68 Emperor reaches marker J,TEMP: 68 황제가 마커 J에 도달했습니다.,LOC_LE_Charactergen_STAGE68_LOG1,54454d503a20363820ed9908b88bb08020b480ba82204ab78b20c284d2a004ddaa14c6a806b189b2802e00,Charactergen,remaster_unique_quest_stage
Oblivion.esm,QUST,0002466E,CNAM,28,TEMP: 85: Baurus is supposed to kneel next to Emperor here.,TEMP: 85: 보러스는 여기에서 황제 옆에 무릎을 꿇어야 합니다.,LOC_LE_Charactergen_STAGE85_LOG1,54454d503a2038353a20c584b382c688c1a80220b783b089b78bb68220ed9908b88b20d7a311b78b20c486c3a811c7a80420cea61eb782b78120dda006b189b2802e00,Charactergen,remaster_unique_quest_stage
Oblivion.esm,QUST,0002466E,CNAM,29,TEMP: 86 Baurus finished mourning Emperor,TEMP: 86: 보러스가 황제의 애도를 마쳤습니다.,LOC_LE_Charactergen_STAGE86_LOG1,54454d503a2038363a20c584b382c688b08020ed9908b88bd79820b78ac284c3a80420b480d9a314c6a806b189b2802e00,Charactergen,remaster_unique_quest_stage
Oblivion.esm,QUST,000224D8,CNAM,8,I have closed the Gate by taking the Sigil Stone that anchors it within Oblivion. I should tell Savlian Matius that the way into Kvatch is now open. ,오블리비언 내에 세워진 시질 스톤을 획득함으로써 게이트를 닫았다. 사블리안 마티우스에게 크바치로의 길이 열렸다고 말해야 한다.,LOC_LE_MS48_STAGE50_LOG1,c784c5a804b389b589d7a20220b18ab78b20b68bd796d8a90220b689d8a90420c688cba402c7a80420ed9a01c2a801dda005c788c384f18220b08bb789cb88c3a80420d2a003d7a014b2802e20b680c5a804b389d7a00220b480bb89c786c688b78bb08b20ca88b580b989c384d79820d0a904b78920d7a304d3a314b280c08420d4a004bd8ab78120dda002b2802e00,MS48,remaster_unique_quest_stage
Oblivion.esm,QUST,000224CF,CNAM,0,"Jirolin Doran of Chorrol believes that ogres are somehow distantly related to his family line. As such, he's asked me to take an offering of gems and gold to Spy Rock in an effort to establish communications with the ogres.","코롤의 지롤린 도란은 멀게나마 오우거가 자신의 가족사와 관련이 있다고 믿고 있다. 그러므로, 그는 나에게 보석과 금으로 된 제물을 첩자의 바위에 가져가 오우거와의 왕래를 확립하는 데 노력해달라고 했다.",LOC_LE_MS17_STAGE10_LOG0,ca84c3a404d79820b889c3a404d3a90220c284d3a002c7a80220d4a204b08bb180b48020c784c786b082b08020b880d6a902d79820b080c8a401b680d79020e09902d3a302b78920d7a914b280c08420d4a903c08420d7a914b2802e20c088b382c488c3842c20c088c1a80220b180b78bb08b20c584d6a201d09020c0a805c788c38420e29a0220b88bc4a604c7a80420d9a206b880d79820b580d797b78b20b080b883b08020c784c786b082d790d79820e79908b38ac3a80420ed9901d3a906bd80c1a80220b28b20c184d3a301bd8ad2a004b380c08420ddaa14b2802e00,MS17,remaster_unique_quest_stage
Oblivion.esm,QUST,000224CF,CNAM,1,I've placed Jirolin's gems at Spy Rock. I should return and let him know I've completed the task.,나는 지롤린의 보석을 첩자의 바위에 놓아두었다. 그에게 돌아가서 이 임무를 완료 했다는 것을 알려야 한다.,LOC_LE_MS17_STAGE20_LOG0,b180c1a80220b889c3a404d3a902d79820c584d6a201c7a80420d9a206b880d79820b580d797b78b20c1a412b780c286d7a214b2802e20c088b78bb08b20c2a404b780b080b68220b78920d7a905c486c3a80420e79902c38520ddaa14b280c1a80220d0a207c7a80420d7a004b383b78120dda002b2802e00,MS17,remaster_unique_quest_stage
Oblivion.esm,QUST,000224CF,CNAM,2,I should return to Chorrol in one week's time to see if Jirolin has made any progress with the ogres.,"일주일 내로 코롤에 돌아가서 지롤린이 오우거들과 어떤 진척이 있었는지 알아 보아야 한다,",LOC_LE_MS17_STAGE30_LOG0,d7a904c886d7a90420b18ac38420ca84c3a404b78b20c2a404b780b080b68220b889c3a404d3a902b78920c784c786b082c2a804d09020b782dfa20220d8a902d9a201b78920d7a914d7a214c1a802b88920d7a004b78020c584b780b78120dda002b2802c00,MS17,remaster_unique_quest_stage
Oblivion.esm,QUST,000224CF,CNAM,3,Jirolin Doran took it upon himself to check back at Spy Rock; I should head there and find him.,지롤린 도란은 직접 확인하러 첩자의 바위로 갔다. 그곳에 가서 그를 찾아야겠다.,LOC_LE_MS17_STAGE40_LOG0,b889c3a404d3a90220c284d3a002c7a80220d8a901d8a20620ed9901d7a902bd80b38220d9a206b880d79820b580d797c38420d0a014b2802e20c088c0a407b78b20b080b68220c088c3a80420d9a00cb780b781d0ab14b2802e00,MS17,remaster_unique_quest_stage
Oblivion.esm,QUST,000224CF,CNAM,4,Jirolin is not at Spy Rock. He left a note stating the ogres were escorting him to their home at Rock Bottom Caverns. I should go there and find him.,지롤린은 첩자의 바위에 없었다. 그는 오우거들이 그를 바위 바닥 동굴에 있는 집으로 호위해 갔다는 내용의 쪽지를 남겼다. 그곳에 가서 그를 찾아야 한다.,LOC_LE_MS17_STAGE50_LOG0,b889c3a404d3a902c7a80220d9a206b880d79820b580d797b78b20d7a21fd7a214b2802e20c088c1a80220c784c786b082c2a804b78920c088c3a80420b580d79720b580d2a00120c2a408c0a604b78b20d7a914c1a80220d8a906c788c38420cd84d797bd8a20d0a014b280c1a80220b18ac7a508d79820f5a401b889c3a80420d1a005d0a314b2802e20c088c0a407b78b20b080b68220c088c3a80420d9a00cb780b78120dda002b2802e00,MS17,remaster_unique_quest_stage
Oblivion.esm,QUST,000224CF,CNAM,5,I've found Jirloin Doran trapped in Rock Bottom Caverns. I'll need to help him escape the ogres.,바위 바닥 동굴에 갇혀있는 지롤린 도란을 찾아냈다. 그가 오우거들로부터 탈출할 수 있도록 도와야 한다.,LOC_LE_MS17_STAGE60_LOG0,b580d79720b580d2a00120c2a408c0a604b78b20d0a003bd83d7a914c1a80220b889c3a404d3a90220c284d3a002c7a80420d9a00cb780d1aa14b2802e20c088b08020c784c786b082c2a804c384c586bb8220dba004c9a604dda00420c68620d7a914c284c3a40120c284d790b78120dda002b2802e00,MS17,remaster_unique_quest_stage
Oblivion.esm,QUST,000224CF,CNAM,6,"I've freed Jirolin from his confines. I need to make sure he returns safely to Chorrol, which means getting him out of Rock Bottom Caverns.",지롤린을 탈출시켰다. 그가 바위 바닥 동굴로부터 벗어나 코롤로 안전하게 돌아갔는지 확실히 할 필요가 있다.,LOC_LE_MS17_STAGE70_LOG0,b889c3a404d3a902c7a80420dba004c9a604b689daa314b2802e20c088b08020b580d79720b580d2a00120c2a408c0a604c384c586bb8220d5a207b782b18020ca84c3a404c38420d7a002d8a202bd80b08b20c2a404b780d0a014c1a802b88920ed9901d6a904bd8920dda00420dca904c785b08020d7a914b2802e00,MS17,remaster_unique_quest_stage
Oblivion.esm,QUST,000224CF,CNAM,7,"Jirolin will head back to Chorrol on his own. I can either head there myself, or go back into Rock Bottom Caverns to raid the stores of treasure the ogres have collected.","지롤린은 자신의 힘으로 코롤로 돌아갈 것이다. 나 역시 그쪽으로 향할 수도 있고, 바위 바닥 동굴로 돌아가 오우거들이 수집한 보물이 있는 곳을 습격할 수도 있다.",LOC_LE_MS17_STAGE80_LOG0,b889c3a404d3a902c7a80220b880d6a902d79820dda905c788c38420ca84c3a404c38420c2a404b780d0a00420d0a207b789b2802e20b18020d7a301b68920c088f5a401c788c38420dda108dda00420c686c28420d7a914c0842c20b580d79720b580d2a00120c2a408c0a604c38420c2a404b780b08020c784c786b082c2a804b78920c686d8a906dda00220c584c4a604b78920d7a914c1a80220c0a407c7a80420c6a806d0a301dda00420c686c28420d7a914b2802e00,MS17,remaster_unique_quest_stage
Oblivion.esm,QUST,000224CF,CNAM,8,"Jirolin thanked me for saving him from the ogres, and gave me some of his offering to the ogres as a reward.",지롤린은 오우거들로부터 자신을 구해준 것에 감사하며 내게 오거에게 바치려던 물건을 보상으로 주었다.,LOC_LE_MS17_STAGE100_LOG0,b889c3a404d3a902c7a80220c784c786b082c2a804c384c586bb8220b880d6a902c7a80420c086bd8ac8a60220d0a207b78b20d0a005b680bd80b48320b18ab08b20c784b082b78bb08b20b580b989b383d2a20220c4a604d0a202c7a80420c584d6a008c788c38420c886d7a214b2802e00,MS17,remaster_unique_quest_stage
Oblivion.esm,QUST,000224CF,CNAM,9,Jirolin Doran is dead.,지롤린 도란이 죽었다.,LOC_LE_MS17_STAGE200_LOG0,b889c3a404d3a90220c284d3a002b78920c8a601d7a214b2802e00,MS17,remaster_unique_quest_stage
Knights.esp,QUST,01002D39,CNAM,3,"I have recovered the Sword of the Crusader, but it has been desecrated by the foul wraith that wielded it. I should take it to the Chapel of Arkay in Cheydinhal to reconsecrate it to its holy purpose.","성전사의 검을 되찾았지만, 그 검을 휘두른 사악한 유령에 의해 더럽혀졌다. 그 검을 셰이딘홀의 아케이 예배당으로 가져가 신성한 용도로 다시 봉헌해야 한다.",LOC_LE_ND08_STAGE60_LOG1,d6a208d8a202b680d79820d0a205c7a80420d295d9a00cd7a014b889d4a0022c20c08820d0a205c7a80420dd97c286c3a80220b680d7a001dda00220c787d3a308b78b20d798bd8a20b282d3a206bd83d8a314b2802e20c08820d0a205c7a80420b68db789d2a902cda404d79820b780ba8bb78920b78db58ad2a008c788c38420b080b883b08020d6a902d6a208dda00220c7a508c284c38420b280b68920c5a408dda202bd8ab78120dda002b2802e00,ND08,remaster_unique_quest_stage
Knights.esp,QUST,01002D3D,CNAM,6,I've recovered the Mace of the Crusader.,성전사의 철퇴를 되찾았다.,LOC_LE_ND04_STAGE100_LOG2,d6a208d8a202b680d79820d9a204db95c3a80420d295d9a00cd7a014b2802e00,ND04,remaster_unique_quest_stage
